"Read Details","קרא פרטים",module,Magento_AdminNotification
"Mark as Read","סמן כנקרא",module,Magento_AdminNotification
"Are you sure?","האם אתה בטוח?",module,Magento_AdminNotification
Remove,הסר,module,Magento_AdminNotification
"Messages Inbox","הודעות בתיבת הדואר הנכנס",module,Magento_AdminNotification
"You have %1 new system messages","יש לך הודעות מערכת חדשות %1",module,Magento_AdminNotification
"You have %1 new system message","יש לך הודעה מערכת חדשה %1",module,Magento_AdminNotification
"Incoming Message","הודעה חדשה",module,Magento_AdminNotification
close,סגור,module,Magento_AdminNotification
Notifications,התראות,module,Magento_AdminNotification
"The message has been marked as Read.","ההודעה סומנה כהודעה שנקראה.",module,Magento_AdminNotification
"We couldn't mark the notification as Read because of an error.","אנחנו לא יכול לסמן את ההודעה כהודעה שנקראה עקב שגיאה.",module,Magento_AdminNotification
"Please select messages.","נא בחר הודעות.",module,Magento_AdminNotification
"A total of %1 record(s) have been marked as Read.","סך של %1 רשומות סומנו כנקראו.",module,Magento_AdminNotification
"Total of %1 record(s) have been removed.","סה""כ %1 רשומות הוסרו.",module,Magento_AdminNotification
"We couldn't remove the messages because of an error.","אנחנו לא יכולים להסיר את ההודעות עקב שגיאה.",module,Magento_AdminNotification
"The message has been removed.","ההודעה הוסרה.",module,Magento_AdminNotification
"1 Hour","שעה אחת",module,Magento_AdminNotification
"2 Hours",שעתיים,module,Magento_AdminNotification
"6 Hours","6 שעות",module,Magento_AdminNotification
"12 Hours","12 שעות",module,Magento_AdminNotification
"24 Hours","24 שעות",module,Magento_AdminNotification
critical,קריטי,module,Magento_AdminNotification
major,משמעותי,module,Magento_AdminNotification
minor,מינורי,module,Magento_AdminNotification
notice,"שים לב",module,Magento_AdminNotification
"Wrong message type","סוג ההודעה אינו נכון",module,Magento_AdminNotification
"Please go to <a href=""%1"">Cache Management</a> and refresh cache types.","בבקשה ללכת <a href=""%1""> ניהול cacge</a> ולרענן את סוגי הcache.",module,Magento_AdminNotification
"Synchronization of media storages has been completed.","סינכרון של תיקיית מדיה הושלמה.",module,Magento_AdminNotification
"Close popup","סגור חלון",module,Magento_AdminNotification
Close,סגור,module,Magento_AdminNotification
"Critical System Messages","הודעות מערכת קריטיים",module,Magento_AdminNotification
"Major System Messages","הודעות מערכת משעותיות",module,Magento_AdminNotification
"System messages","הודעות מערכת",module,Magento_AdminNotification
"You created the order.","יצרת את ההזמנה.",module,Magento_Authorizenet
"Order saving error: %1","שגיאת שמירת הזמנה: %1",module,Magento_Authorizenet
"Please choose a payment method.","אנא בחר שיטת תשלום.",module,Magento_Authorizenet
"Credit Card: xxxx-%1","כרטיס אשראי: xxxx-%1",module,Magento_Authorizenet
"amount %1","כמות %1",module,Magento_Authorizenet
authorize,מאושר,module,Magento_Authorizenet
refund,החזר,module,Magento_Authorizenet
"Something went wrong in the payment gateway.","משהו השתבש בהתקשרות עם שיטת התשלום.",module,Magento_Authorizenet
"Invalid transaction ID.","ID טרנזקציה לא חוקית.",module,Magento_Authorizenet
"Invalid amount for refund.","כמות לא תקינה עבור זיכוי.",module,Magento_Authorizenet
"Payment refunding error.","שגיאה בקבלת זיכוי.",module,Magento_Authorizenet
"Authorize Only","מורשים בלבד",module,Magento_Authorizenet
"Credit Card Type","סוג כרטיס אשראי",module,Magento_Authorizenet
"Credit Card Number","מספר כרטיס אשראי",module,Magento_Authorizenet
"Expiration Date","תאריך תפוגה",module,Magento_Authorizenet
"Card Verification Number","קוד אימות לכרטיס",module,Magento_Authorizenet
"Invalid Form Key. Please refresh the page.","מפתח לא חוקי. אנא רעננו את הדף.",module,Magento_Backend
"You entered an invalid Secret Key. Please refresh the page.","הזנת מפתח סודי לא חוקי. אנא רענן את הדף.",module,Magento_Backend
"Cache Storage Management","ניהול אחסון הCache",module,Magento_Backend
"Flush Magento Cache","נקה Cache של מגנטו",module,Magento_Backend
"Flush Cache Storage","מחיקת Cache",module,Magento_Backend
Orders,הזמנות,module,Magento_Backend
Amounts,כמויות,module,Magento_Backend
Bestsellers,"הנמכרים ביותר",module,Magento_Backend
"Most Viewed Products","המוצרים הנצפים ביותר",module,Magento_Backend
"New Customers","לקוחות חדשים",module,Magento_Backend
Customers,לקוחות,module,Magento_Backend
Customer,לקוח,module,Magento_Backend
Guest,אורח,module,Magento_Backend
Items,פריטים,module,Magento_Backend
Total,"סה""כ",module,Magento_Backend
"Lifetime Sales","מבצע קבוע",module,Magento_Backend
"Average Order","הזמנה הממוצעת",module,Magento_Backend
Average,ממוצע,module,Magento_Backend
Product,מוצר,module,Magento_Backend
Price,מחיר,module,Magento_Backend
Quantity,כמות,module,Magento_Backend
Views,צפיות,module,Magento_Backend
Revenue,הכנסה,module,Magento_Backend
Tax,מס,module,Magento_Backend
Shipping,משלוח,module,Magento_Backend
"Images (.gif, .jpg, .png)","תמונות (.gif,. jpg,. png)",module,Magento_Backend
"Media (.avi, .flv, .swf)","מדיה (.avi, .flv, .swf)",module,Magento_Backend
"All Files","כל הקבצים",module,Magento_Backend
"Reset to Default","אפס לברירת המחדל",module,Magento_Backend
"All Store Views","כל תצוגות החנויות",module,Magento_Backend
"What is this?","מה זה?",module,Magento_Backend
"Save Account","שמירת חשבון",module,Magento_Backend
"My Account","החשבון שלי",module,Magento_Backend
"Account Information","פרטי חשבון",module,Magento_Backend
"User Name","שם משתמש",module,Magento_Backend
"First Name","שם פרטי",module,Magento_Backend
"Last Name","שם משפחה",module,Magento_Backend
Email,דואר,module,Magento_Backend
"User Email","דוא״ל של משתמש",module,Magento_Backend
"New Password","סיסמא חדשה",module,Magento_Backend
"Password Confirmation","אמת סיסמה",module,Magento_Backend
"Interface Locale","ממשק אזורי",module,Magento_Backend
"Current User Identity Verification","אימות זהות המשתמש הנוכחי",module,Magento_Backend
"Your Password","הסיסמה שלך",module,Magento_Backend
"Save Cache Settings","שמירת הגדרות Cache",module,Magento_Backend
"Catalog Rewrites","קטלוג Rewrites",module,Magento_Backend
Refresh,רענן,module,Magento_Backend
"Images Cache","Cache של תמונות",module,Magento_Backend
Clear,נקה,module,Magento_Backend
"Search Index","אינדקס חיפוש",module,Magento_Backend
Rebuild,"בנה מחדש",module,Magento_Backend
"Inventory Stock Status","מצב מלאי",module,Magento_Backend
"Rebuild Catalog Index","בנה מחדש אינדקס קטלוג",module,Magento_Backend
"Rebuild Flat Catalog Category","בנה מחדש טבלת קטגוריות שטוחה",module,Magento_Backend
"Rebuild Flat Catalog Product","בנה מחדש טבלת מוצרים שטוחה",module,Magento_Backend
"Cache Control","בקרת מטמון",module,Magento_Backend
"All Cache","כל הcache",module,Magento_Backend
"No change","אין שינוי",module,Magento_Backend
Disable,השבת,module,Magento_Backend
Enable,אפשר,module,Magento_Backend
"Add Design Change","הוסף שינויי עיצוב",module,Magento_Backend
Back,חזור,module,Magento_Backend
Delete,מחק,module,Magento_Backend
"Are you sure?","האם אתה בטוח?",module,Magento_Backend
Save,שמור,module,Magento_Backend
"Edit Design Change","ערוך שינוי עיצוב",module,Magento_Backend
"General Settings","הגדרות כלליות",module,Magento_Backend
Store,חנות,module,Magento_Backend
"-- Please Select --","-- אנא בחר --",module,Magento_Backend
"Custom Design","עיצוב מותאם",module,Magento_Backend
"Date From","תאריך מ",module,Magento_Backend
"Date To","תאריך ל",module,Magento_Backend
"Design Change","שינוי עיצובי",module,Magento_Backend
General,כללי,module,Magento_Backend
Cancel,ביטול,module,Magento_Backend
"Delete %1 '%2'","מחק %1 '%2'",module,Magento_Backend
"Delete %1","מחק %1",module,Magento_Backend
"Block Information","בלוק מידע",module,Magento_Backend
"Backup Options","אפשרויות גיבוי",module,Magento_Backend
"Create DB Backup","ליצור גיבוי ל-DB",module,Magento_Backend
Yes,כן,module,Magento_Backend
No,לא,module,Magento_Backend
"Delete Store","מחק חנות",module,Magento_Backend
"Delete Web Site","מחק אתר אינטרנט",module,Magento_Backend
"Save Web Site","שמור אתר האינטרנט",module,Magento_Backend
"Save Store","שמור חנות",module,Magento_Backend
"Save Store View","שמור תצוגת חנות",module,Magento_Backend
"Delete Store View","מחק תצוגת חנות",module,Magento_Backend
"Edit Web Site","ערוך אתר",module,Magento_Backend
"New Web Site","אתר אינטרנט חדש",module,Magento_Backend
"Edit Store","ערוך חנות",module,Magento_Backend
"New Store","חנות חדשה",module,Magento_Backend
"Edit Store View","ערוך תצוגת חנות",module,Magento_Backend
"New Store View","תצוגה חדשה של החנות",module,Magento_Backend
"Store Information","מידע על חנות",module,Magento_Backend
"Web Site",אתר,module,Magento_Backend
Name,שם,module,Magento_Backend
"Root Category","קטגורייה ראשית",module,Magento_Backend
"Default Store View","תצוגה דיפולטיבית של חנות",module,Magento_Backend
"Store View Information","מידע על תצוגת החנות",module,Magento_Backend
Code,קוד,module,Magento_Backend
Status,סטטוס,module,Magento_Backend
Disabled,"לא פעיל",module,Magento_Backend
Enabled,פעיל,module,Magento_Backend
"Sort Order","סדר מיון",module,Magento_Backend
"Web Site Information","מידע על האתר",module,Magento_Backend
"Default Store","חנות ברירת מחדל",module,Magento_Backend
"Set as Default","קבע כברירת מחדל",module,Magento_Backend
Stores,חנויות,module,Magento_Backend
"Create Website","צור אתר אינטרנט",module,Magento_Backend
"Create Store","צור חנות",module,Magento_Backend
"Create Store View","צור תצוגת חנות",module,Magento_Backend
Home,"דף הבית",module,Magento_Backend
Reset,אתחל,module,Magento_Backend
"Are you sure you want to do this?","אתה בטוח שאתה רוצה לעשות את זה?",module,Magento_Backend
"Add New Image","הוסף תמונה חדשה",module,Magento_Backend
"Reset Filter","איפוס מסנן",module,Magento_Backend
Search,חפש,module,Magento_Backend
Any,כל,module,Magento_Backend
"All Countries","כל המדינות",module,Magento_Backend
From,מ-,module,Magento_Backend
To,ל-,module,Magento_Backend
"Date selector","בחירת תאריך",module,Magento_Backend
"[ deleted ]",[נמחק],module,Magento_Backend
"Select All","בחר הכל",module,Magento_Backend
"Add New","הוסף חדש",module,Magento_Backend
Export,ייצוא,module,Magento_Backend
"Please select items.","אנא בחר פריטים.",module,Magento_Backend
Submit,שלח,module,Magento_Backend
"You have logged out.",התנתקת.,module,Magento_Backend
"The image cache was cleaned.","נוקה Cache של תמונה.",module,Magento_Backend
"An error occurred while clearing the image cache.","אירעה שגיאה בעת ניקוי הcache של התמונה.",module,Magento_Backend
"The JavaScript/CSS cache has been cleaned.","הChace של ה JavaScript/CSS נוקה.",module,Magento_Backend
"An error occurred while clearing the JavaScript/CSS cache.","אירעה שגיאה בעת ניקוי הCache של JavaScript/CSS.",module,Magento_Backend
"You flushed the cache storage.","אה מחקת את ה- cache.",module,Magento_Backend
"The Magento cache storage has been flushed.","הcache של מג'נטו נוקה.",module,Magento_Backend
"Cache Management","ניהול Cache",module,Magento_Backend
"%1 cache type(s) enabled.","%1 סוגי מטמון הופעלו.",module,Magento_Backend
"An error occurred while enabling cache.","אירעה שגיאה בעת הפעלת מטמון.",module,Magento_Backend
"%1 cache type(s) refreshed.","%1 סוגי המטמון התרעננו.",module,Magento_Backend
"An error occurred while refreshing cache.","אירעה שגיאה בעת רענון הcache.",module,Magento_Backend
Dashboard,"לוח בקרה",module,Magento_Backend
"invalid request","הבקשה לא תקינה",module,Magento_Backend
"see error log for details","ראה log שגיאות לפרטים נוספים",module,Magento_Backend
"Service unavailable: %1","השירות אינו זמין: %1",module,Magento_Backend
Error,שגיאה,module,Magento_Backend
"You need more permissions to do this.","את צריך הרשאה יותר גבוהה על מנת לבצע זאת.",module,Magento_Backend
"You saved the account.","שמרת את החשבון.",module,Magento_Backend
"You deleted the design change.","מחקת את שינויי העיצוב.",module,Magento_Backend
"Store Design","עיצוב חנות",module,Magento_Backend
"Edit Store Design Change","ערוך שינויי עיצוב לחנות",module,Magento_Backend
"You saved the design change.","שמרת את שינויי העיצוב.",module,Magento_Backend
System,מערכת,module,Magento_Backend
"Manage Stores","ניהול חנויות",module,Magento_Backend
"The database was backed up.","הDB שוחזר.",module,Magento_Backend
"This store cannot be deleted.","לא ניתן למחוק את החנות שנבחרה.",module,Magento_Backend
"Unable to delete store. Please, try again later.","אין אפשרות למחוק את החנות.. אנא, נסה שוב מאוחר יותר.",module,Magento_Backend
"This store view cannot be deleted.","לא ניתן למחוק את תצוגת החנות.",module,Magento_Backend
"Store View","תצוגת חנות",module,Magento_Backend
"Unable to delete store view. Please, try again later.","אין אפשרות למחוק את תצוגת החנות. אנא, נסה שוב מאוחר יותר.",module,Magento_Backend
"This website cannot be deleted.","אין אפשרות למחור את אתר האינטרנט הנוכחי.",module,Magento_Backend
"Unable to delete website. Please, try again later.","אין אפשרות למחוק את האתר. אנא נסה שוב מאוחר יותר.",module,Magento_Backend
"The website does not exist.","אתר אינטרנט זה אינו קיים.",module,Magento_Backend
"The store does not exist","החנות אינה קיימת",module,Magento_Backend
"Store view doesn't exist","תצוגת חנות אינה קיימת",module,Magento_Backend
"Last 24 Hours","יממה אחרונה",module,Magento_Backend
"Last 7 Days","7 ימים אחרונים",module,Magento_Backend
"Current Month","החודש הנוכחי",module,Magento_Backend
YTD,"שנה אחת",module,Magento_Backend
2YTD,שנתיים,module,Magento_Backend
Order,הזמנה,module,Magento_Backend
"Order #%1","הזמנה #%1",module,Magento_Backend
"Access denied","גישה נדחתה",module,Magento_Backend
"If you continue to receive this message, please contact the store owner.","אם הנך ממשיך לקבל הודעה זו, אנא צור קשר עם בעל החנות.",module,Magento_Backend
"Welcome, please sign in","ברוכים הבאים, נא להתחבר",module,Magento_Backend
"user name","שם משתמש",module,Magento_Backend
password,סיסמה,module,Magento_Backend
"Sign in",התחברות,module,Magento_Backend
"Select Range:","בחר טווח:",module,Magento_Backend
"No Data Found","לא נמצאו נתונים",module,Magento_Backend
"Last Orders","הזמנות אחרונות",module,Magento_Backend
"Last Search Terms","מונחי החיפוש האחרונים",module,Magento_Backend
"Top Search Terms","מונחי חיפוש הנפוצים",module,Magento_Backend
"All Websites","כל האתרים",module,Magento_Backend
"Reload Data","רענן נתונים",module,Magento_Backend
"Browse Files...","עיון קבצים...",module,Magento_Backend
"Copyright&copy; %1 Magento Commerce Inc. All rights reserved.","&copy;זכויות יוצרים %1 מג'נטו מסחר בע מ כל הזכויות שמורות.",module,Magento_Backend
"Magento Admin Panel","פאנל הניהול של מג'נטו",module,Magento_Backend
"Account Setting","הגדרות חשבון",module,Magento_Backend
"Customer View","תצוגת לקוח",module,Magento_Backend
"Sign Out",התנתק,module,Magento_Backend
"About the calendar","על לוח השנה",module,Magento_Backend
Close,סגור,module,Magento_Backend
"Go Today","לך היום",module,Magento_Backend
Previous,הקודם,module,Magento_Backend
Next,הבא,module,Magento_Backend
Time,זמן,module,Magento_Backend
Hour,שעה,module,Magento_Backend
Minute,דקה,module,Magento_Backend
"JavaScript may be disabled in your browser.","ייתכן וה-JavaScript ינוטרל בדפדפן שלך.",module,Magento_Backend
"To use this website you must first enable JavaScript in your browser.","כדי להשתמש באתר זה עליך לאפשר JavaScript בדפדפן שלך.",module,Magento_Backend
"This is only a demo store. You can browse and place orders, but nothing will be processed.","זוהי חנות הדגמה בלבד. ניתן לעיין ולבצע הזמנות, אבל לא תחוייב.",module,Magento_Backend
"Stores Configuration","הגדרות חנויות",module,Magento_Backend
"Additional Cache Management","ניהול Cache נוספים",module,Magento_Backend
"Flush Catalog Images Cache","נקה Cache של קטלוג תמונות",module,Magento_Backend
"Flush JavaScript/CSS Cache","נקה JavaScript/CSS Cache",module,Magento_Backend
"Themes JavaScript and CSS files combined to one file.","תבניות העיצוב של JavaScript ו- CSS ירוכזו לקובץ אחד.",module,Magento_Backend
Catalog,קטלוג,module,Magento_Backend
"JavaScript/CSS Cache","Cache JavaScript/CSS",module,Magento_Backend
"No records found.","לא נמצאו רשומות.",module,Magento_Backend
Images,תמונות,module,Magento_Backend
"Big Image","תמונה גדולה",module,Magento_Backend
Thumbnail,"תמונה ממוזערת",module,Magento_Backend
"Additional Settings","הגדרות נוספות",module,Magento_Backend
"per page","לכל עמוד",module,Magento_Backend
"Previous page","דף קודם",module,Magento_Backend
"of %1","של %1",module,Magento_Backend
"Next page","הדף הבא",module,Magento_Backend
"Export to:","ייצוא ל-:",module,Magento_Backend
Actions,פעולות,module,Magento_Backend
"Mass Actions","פעולות מסיביות",module,Magento_Backend
"Unselect All","הסר הכל",module,Magento_Backend
"Select Visible","בחר גלוי",module,Magento_Backend
"Unselect Visible","ביטול בחירה של גלוי",module,Magento_Backend
"The information in this tab has been changed.","המידע בכרטיסיה זו השתנה.",module,Magento_Backend
Loading...,טוען...,module,Magento_Backend
System,מערכת,module,Magento_Backup
failed,נכשל,module,Magento_Backup
successful,"עבר בהצלחה",module,Magento_Backup
"Please correct the password.","אנא תקן את הסיסמא.",module,Magento_Backup
Database,"בסיס נתונים",module,Magento_Backup
"Database and Media","בסיס נתונים ומדיה",module,Magento_Backup
"System (excluding Media)","קבצי מערכת (לא כולל קבצי מדיה)",module,Magento_Backup
"The backup file does not exist.","לא קיים גיבוי.",module,Magento_Backup
"The backup file path was not specified.","לא צוין נתיב ליצירת קובץ הגיבוי.",module,Magento_Backup
"Are you sure you want to continue?","האם אתה בטוח שברצונך להמשיך?",module,Magento_Backup
"Backup Name","שם גיבוי",module,Magento_Backup
"Please use only letters (a-z or A-Z), numbers (0-9) or spaces in this field.","נא להשתמש רק באותיות (a-z או A-Z), מספרים (0-9) או רווחים בשדה זה.",module,Magento_Backup
"Please put your store into maintenance mode during backup.","בבקשה לשים את החנות שלך למצב ' Maintenance ' במהלך הגיבוי.",module,Magento_Backup
"Exclude media folder from backup","אל תכלול את תקיית המדיה לגיבוי",module,Magento_Backup
"Please enter the password to confirm rollback.","נא הזן את הסיסמה כדי לאשר חזרה למצב קודם.",module,Magento_Backup
"This action cannot be undone.","פעולה זו לא ניתנת לביטול.",module,Magento_Backup
"User Password","סיסמת משתמש",module,Magento_Backup
"Please put your store into maintenance mode during rollback processing.","בבקשה לשים את החנות שלך למצב ' maintenance ' במהלך השחזור למצב קודם.",module,Magento_Backup
"Use FTP Connection","השתמש בחיבור FTP",module,Magento_Backup
"FTP credentials","פרטי ה-FTP",module,Magento_Backup
"FTP Host","שרת FTP",module,Magento_Backup
"FTP Login","התחברות ל-FTP",module,Magento_Backup
"FTP Password","סיסמת FTP",module,Magento_Backup
"Magento root directory","ספריית הRoot של מג'נטו",module,Magento_Backup
"Create Backup","צור גיבוי",module,Magento_Backup
Country,ארץ,module,Magento_Braintree
"Stored Card","כרטיס שמור",module,Magento_Braintree
"Credit Card Type","סוג כרטיס אשראי",module,Magento_Braintree
"Credit Card Number","מספר כרטיס אשראי",module,Magento_Braintree
"Credit card successfully added","כרטיס האשראי נוסף בהצלחה",module,Magento_Braintree
"Delete Credit Card","מחק את כרטיס אשראי",module,Magento_Braintree
"Credit card successfully deleted","כרטיס אשראי נמחק בהצלחה",module,Magento_Braintree
"Edit Credit Card","ערוך כרטיס אשראי",module,Magento_Braintree
"My Credit Cards","כרטיסי האשראי שלי",module,Magento_Braintree
"There was error during saving card data","אירעה שגיאה במהלך שמירת נתוני הכרטיס",module,Magento_Braintree
"Transaction declined by gateway: Check card details or try another card","העסקה נדחתה על ידי שירות הסליקה: נא בדוק את פרטי כרטיס או נסה כרטיס אחר",module,Magento_Braintree
"Credit card type is not allowed for your country.","סוג כרטיס האשראי אינו מורשה עבור המדינה שלך.",module,Magento_Braintree
"Credit card type is not allowed for this payment method.","סוג כרטיס האשראי אינו מותר עבור שיטת התשלום הנוכחית.",module,Magento_Braintree
"Selected payment type is not allowed for billing country.","סוג התשלום שנבחר אינו מאושר עבור המדינה בפרטי התשלום.",module,Magento_Braintree
"Please try again later","אנא נסה שוב מאוחר יותר",module,Magento_Braintree
"This refund is for a partial amount but the Transaction has not settled.","החזר זה הוא עבור סכום חלקי אך הסליקה איננה אושרה.",module,Magento_Braintree
"Please wait 24 hours before trying to issue a partial refund.","אנא המתן 24 שעות לפני בקשת החזר כספי.",module,Magento_Braintree
"Some transactions are already settled or voided and cannot be voided.","חלק מהסליקות כבר אושרו או ריקות, ולכן אין אפשרות לבטלם.",module,Magento_Braintree
"Invalid Customer ID provided","מזהה לקוח לא חוקי הוכנס",module,Magento_Braintree
"Payment Information","פרטי תשלום",module,Magento_Braintree
"Add new card","הוסף כרטיס חדש",module,Magento_Braintree
"Please Select","אנא בחר",module,Magento_Braintree
"Expiration Date","תאריך תפוגה",module,Magento_Braintree
"Card Verification Number","קוד אימות לכרטיס",module,Magento_Braintree
"Save this card for future use","שמור את פרטי הכרטיס הנוכחי לשימוש בקניות הבאות",module,Magento_Braintree
"Please confirm that you want to delete this credit card","בבקשה אשר כי ברצונך למחוק את כרטיס האשראי הזה",module,Magento_Braintree
"Cardholder Name","שם בעל הכרטיס",module,Magento_Braintree
Delete,מחק,module,Magento_Braintree
Back,חזור,module,Magento_Braintree
"* Required Fields","* שדות חובה",module,Magento_Braintree
"What is this?","מה זה?",module,Magento_Braintree
"Make Default","הפוך לברירת המחדל",module,Magento_Braintree
"Billing Address","כתובת חיוב",module,Magento_Braintree
"First Name","שם פרטי",module,Magento_Braintree
"Last Name","שם משפחה",module,Magento_Braintree
Company,חברה,module,Magento_Braintree
City,עיר,module,Magento_Braintree
State/Province,מדינה/מחוז,module,Magento_Braintree
"Please select region, state or province","נא בחר מדינה, אזור או מחוז",module,Magento_Braintree
Submit,שלח,module,Magento_Braintree
"Add Credit Card","הוסף כרטיס אשראי",module,Magento_Braintree
Type,סוג,module,Magento_Braintree
"Is Default","ברירת מחדל",module,Magento_Braintree
Actions,פעולות,module,Magento_Braintree
Yes,כן,module,Magento_Braintree
No,לא,module,Magento_Braintree
Edit,ערוך,module,Magento_Braintree
"Percent Discount","אחוז הנחה",module,Magento_Bundle
"-- Select --","-- בחר --",module,Magento_Bundle
Dynamic,דינמי,module,Magento_Bundle
"Create New Option","צור אפשרות חדשה",module,Magento_Bundle
"Bundle Items","מוצרי באנדל",module,Magento_Bundle
Close,סגור,module,Magento_Bundle
Product,מוצר,module,Magento_Bundle
SKU,מק''ט,module,Magento_Bundle
Price,מחיר,module,Magento_Bundle
Delete,מחק,module,Magento_Bundle
None,ללא,module,Magento_Bundle
Position,מיקום,module,Magento_Bundle
Name,שם,module,Magento_Bundle
From,מ-,module,Magento_Bundle
To,ל-,module,Magento_Bundle
"* Required Fields","* שדות חובה",module,Magento_Bundle
Availability,זמינות,module,Magento_Bundle
"In stock",במלאי,module,Magento_Bundle
Availability:,זמינות:,module,Magento_Bundle
"Gift Message","הודעת מתנה",module,Magento_Bundle
From:,מ:,module,Magento_Bundle
To:,ל:,module,Magento_Bundle
Message:,הודעה:,module,Magento_Bundle
Always,תמיד,module,Magento_Captcha
"Minimum Qty","כמות מינימלית",module,Magento_CatalogInventory
"Product Name","שם מוצר",module,Magento_CatalogInventory
Qty,כמות,module,Magento_CatalogInventory
"Catalog Price Rule","כללי תמחור קטלוג",module,Magento_CatalogRule
"Save and Continue Edit","שמור והמשך בעריכה",module,Magento_CatalogRule
"Edit Rule '%1'","ערוך כלל '%1'",module,Magento_CatalogRule
Actions,פעולות,module,Magento_CatalogRule
Apply,החל,module,Magento_CatalogRule
"Discount Amount","סכום הנחה",module,Magento_CatalogRule
"Subproduct discounts","הנחת תתי מוצר",module,Magento_CatalogRule
No,לא,module,Magento_CatalogRule
Yes,כן,module,Magento_CatalogRule
"Discard subsequent rules","בטל כללים עתידיים",module,Magento_CatalogRule
"General Information","מידע כללי",module,Magento_CatalogRule
"Rule Name","שם הכלל",module,Magento_CatalogRule
Description,תיאור,module,Magento_CatalogRule
Status,סטטוס,module,Magento_CatalogRule
Active,פעיל,module,Magento_CatalogRule
Inactive,"לא פעיל",module,Magento_CatalogRule
Websites,אתרים,module,Magento_CatalogRule
"Customer Groups","קבוצת לקוחות",module,Magento_CatalogRule
From,מ-,module,Magento_CatalogRule
To,ל-,module,Magento_CatalogRule
Priority,עדיפות,module,Magento_CatalogRule
Type,סוג,module,Magento_CatalogRule
SKU,מק''ט,module,Magento_CatalogRule
Product,מוצר,module,Magento_CatalogRule
Promotions,מבצעים,module,Magento_CatalogRule
Catalog,קטלוג,module,Magento_CatalogRule
"Wrong rule specified.","כלל שגוי צויין.",module,Magento_CatalogRule
Home,"דף הבית",module,Magento_CatalogSearch
"Go to Home Page","מעבר לעמוד הבית",module,Magento_CatalogSearch
"Catalog Advanced Search","חיפוש מתקדם בקטלוג",module,Magento_CatalogSearch
All,הכל,module,Magento_CatalogSearch
Yes,כן,module,Magento_CatalogSearch
No,לא,module,Magento_CatalogSearch
Results,תוצאות,module,Magento_CatalogSearch
List,רשימה,module,Magento_CatalogSearch
Relevance,רלוונטיות,module,Magento_CatalogSearch
"Search results for: '%1'","תוצאות עבור חיפוש: '%1'",module,Magento_CatalogSearch
"up to %1","עד %1",module,Magento_CatalogSearch
"Search Settings","הגדרות חיפוש",module,Magento_CatalogSearch
Search,חפש,module,Magento_CatalogSearch
"Advanced Search","חיפוש מתקדם",module,Magento_CatalogSearch
"Modify your search","התאם את החיפוש שלך",module,Magento_CatalogSearch
name,שם,module,Magento_CatalogSearch
Root,שורש,module,Magento_Catalog
"Save Category","שמור בקטגוריה",module,Magento_Catalog
"Delete Category","מחיקת קטגוריה",module,Magento_Catalog
Reset,אתחל,module,Magento_Catalog
"New Subcategory","קטגוריית משנה חדשה",module,Magento_Catalog
"New Root Category","קטגוריה ראשית חדשה",module,Magento_Catalog
"Set Root Category for Store","הגדרת קטגוריית אב עבור חנות",module,Magento_Catalog
"Custom Design","עיצוב מותאם",module,Magento_Catalog
Name,שם,module,Magento_Catalog
SKU,מק''ט,module,Magento_Catalog
Price,מחיר,module,Magento_Catalog
Position,מיקום,module,Magento_Catalog
"Category Data","נתוני קטגוריה",module,Magento_Catalog
"Add Subcategory","הוסף קטגוריית משנה",module,Magento_Catalog
Day,יום,module,Magento_Catalog
Month,חודש,module,Magento_Catalog
Year,שנה,module,Magento_Catalog
"WYSIWYG Editor","עורך WYSIWYG",module,Magento_Catalog
"Add Product","הוסף מוצר",module,Magento_Catalog
label,תווית,module,Magento_Catalog
"Product Attributes","תכונות מוצר",module,Magento_Catalog
"Save and Continue Edit","שמור והמשך בעריכה",module,Magento_Catalog
"Not shared with other products","אינו משותף עם מוצרים אחרים",module,Magento_Catalog
"Store View","תצוגת חנות",module,Magento_Catalog
Website,אתר,module,Magento_Catalog
Global,גלובלי,module,Magento_Catalog
"Declare attribute value saving scope","הגדר ערכים לתכונה לטווח הבחירה",module,Magento_Catalog
"Depends on design theme","תלוי בערכת הנושא",module,Magento_Catalog
No,לא,module,Magento_Catalog
Yes,כן,module,Magento_Catalog
"Web Site",אתר,module,Magento_Catalog
"Add New","הוסף חדש",module,Magento_Catalog
Back,חזור,module,Magento_Catalog
Delete,מחק,module,Magento_Catalog
Save,שמור,module,Magento_Catalog
"We saved the price alert subscription.","שמרנו את התראת המחיר.",module,Magento_Catalog
"We saved the stock notification.","שמרנו את ההתראה למלאי.",module,Magento_Catalog
"First Name","שם פרטי",module,Magento_Catalog
"Last Name","שם משפחה",module,Magento_Catalog
Email,דואר,module,Magento_Catalog
Type,סוג,module,Magento_Catalog
Status,סטטוס,module,Magento_Catalog
Visibility,נראות,module,Magento_Catalog
"Use Default","השתמש בברירת מחדל",module,Magento_Catalog
"Related Products","מוצרים נלווים",module,Magento_Catalog
Quantity,כמות,module,Magento_Catalog
Edit,ערוך,module,Magento_Catalog
"Are you sure?","האם אתה בטוח?",module,Magento_Catalog
"Click here or drag and drop to add images.","לחץ כדי כדי לגרור ולהוסיף תמונות.",module,Magento_Catalog
"Make Base","הגדר בתור בסיס",module,Magento_Catalog
"Images (.gif, .jpg, .png)","תמונות (.gif,. jpg,. png)",module,Magento_Catalog
Product,מוצר,module,Magento_Catalog
Home,"דף הבית",module,Magento_Catalog
None,ללא,module,Magento_Catalog
Categories,קטגוריות,module,Magento_Catalog
Catalog,קטלוג,module,Magento_Catalog
"This product no longer exists.","מוצר זה כבר לא קיים.",module,Magento_Catalog
Products,מוצרים,module,Magento_Catalog
"You added product %1 to the comparison list.","הוספת מוצר %1 לרשימת ההשוואה.",module,Magento_Catalog
"%1 items","%1 פריטים",module,Magento_Catalog
All,הכל,module,Magento_Catalog
Enabled,פעיל,module,Magento_Catalog
Disabled,"לא פעיל",module,Magento_Catalog
Search,חפש,module,Magento_Catalog
"Are you sure you want to delete this category?","האם אתה בטוח שברצונך למחוק את הקטגוריה?",module,Magento_Catalog
"ID: %1","מזהה: %1",module,Magento_Catalog
"Set root category for this store in the <a href=""%1"">configuration</a>.","להגדיר את הקטגוריית האב עבור חנות זו במעבר <a href=""%1""> קונפיגורציה</a>.",module,Magento_Catalog
"Manage Options (values of your attribute)","נהל אפשרויות (ערכים של התכונה המבוקשת)",module,Magento_Catalog
"Is Default","ברירת מחדל",module,Magento_Catalog
Qty,כמות,module,Magento_Catalog
Action,פעולה,module,Magento_Catalog
"Close panel","סגור לוח",module,Magento_Catalog
"Mass Actions","פעולות מסיביות",module,Magento_Catalog
"Select All","בחר הכל",module,Magento_Catalog
"Unselect All","הסר הכל",module,Magento_Catalog
"Select Visible","בחר גלוי",module,Magento_Catalog
"Unselect Visible","ביטול בחירה של גלוי",module,Magento_Catalog
"Shop By","סנן לפי",module,Magento_Catalog
"Shopping Options","אפשרויות סינון",module,Magento_Catalog
"Compare Products","השוואת מוצרים",module,Magento_Catalog
"Print This Page","הדפס עמוד זה",module,Magento_Catalog
"Add to Cart","הוסף לסל",module,Magento_Catalog
"In stock",במלאי,module,Magento_Catalog
"You have no items to compare.","אין לך פריטים להשוואה.",module,Magento_Catalog
Compare,להשוות,module,Magento_Catalog
"Clear All","נקה הכל",module,Magento_Catalog
Next,הבא,module,Magento_Catalog
"Add to Compare","הוסף להשוואה",module,Magento_Catalog
"Items %1-%2 of %3","פריטים %1-%2 מ%3",module,Magento_Catalog
"per page","לכל עמוד",module,Magento_Catalog
"Sort By","מיון לפי",module,Magento_Catalog
"* Required Fields","* שדות חובה",module,Magento_Catalog
Availability,זמינות,module,Magento_Catalog
"Terms and Conditions","תנאי שימוש",module,Magento_CheckoutAgreements
Status,סטטוס,module,Magento_CheckoutAgreements
Enabled,פעיל,module,Magento_CheckoutAgreements
Disabled,"לא פעיל",module,Magento_CheckoutAgreements
"Store View","תצוגת חנות",module,Magento_CheckoutAgreements
Content,תוכן,module,Magento_CheckoutAgreements
"Shopping Cart","עגלת קניות",module,Magento_Checkout
City,עיר,module,Magento_Checkout
Country,מדינה,module,Magento_Checkout
State/Province,מדינה/מחוז,module,Magento_Checkout
"Zip/Postal Code",מיקוד,module,Magento_Checkout
"My Cart (1 item)","העגלה שלי (פריט 1)",module,Magento_Checkout
"My Cart (%1 items)","העגלה שלי (%1 פריטים)",module,Magento_Checkout
"My Cart","העגלה שלי",module,Magento_Checkout
"Minimum order amount is %1","סכום ההזמנה המינימלי הוא %1",module,Magento_Checkout
"You added %1 to your shopping cart.","הוספת %1 לעגלת הקניות.",module,Magento_Checkout
"We can't find the quote item.","אי אפשר למצוא את הפריט.",module,Magento_Checkout
"The coupon code ""%1"" is not valid.","קוד הקופון ""%1"" אינו תקין.",module,Magento_Checkout
"We cannot apply the coupon code.","לא ניתן להחיל את קוד הקופון.",module,Magento_Checkout
"%1 was updated in your shopping cart.","%1 עודכן בעגלת הקניות שלך.",module,Magento_Checkout
Checkout,לקופה,module,Magento_Checkout
"The product does not exist.","המוצר אינו קיים.",module,Magento_Checkout
"Display number of items in cart","הצג כמות פריטים בעגלה",module,Magento_Checkout
"Display item quantities","הצג כמויות של פריט",module,Magento_Checkout
"Invalid data","נתונים לא חוקיים",module,Magento_Checkout
"The customer address is not valid.","כתובת הלקוח אינה חוקית.",module,Magento_Checkout
"Invalid shipping method","שיטת המשלוח אינה חוקית",module,Magento_Checkout
"Cancel Coupon","בטל קופון",module,Magento_Checkout
"Shopping Cart Items","פריטים בעגלת הקניות",module,Magento_Checkout
Item,פריט,module,Magento_Checkout
Price,מחיר,module,Magento_Checkout
Qty,כמות,module,Magento_Checkout
Subtotal,"סכום ביניים",module,Magento_Checkout
"Continue Shopping","המשך בקניות",module,Magento_Checkout
"Clear Shopping Cart","נקה עגלת קניות",module,Magento_Checkout
"Update Shopping Cart","עדכן עגלת קניות",module,Magento_Checkout
"Update Cart","עדכן עגלת קניות",module,Magento_Checkout
"See price before order confirmation.","ראה מחיר לפני אישור ההזמנה.",module,Magento_Checkout
"What's this?","מה זה?",module,Magento_Checkout
"Edit item parameters","עריכת אפשרויות הפריט",module,Magento_Checkout
Edit,ערוך,module,Magento_Checkout
"Remove item","הסר פריט",module,Magento_Checkout
"You have no items in your shopping cart.","סל הקניות שלך ריק.",module,Magento_Checkout
"Click <a href=""%1"">here</a> to continue shopping.","לחץ <a href=""%1"">כאן</a> כדי להמשיך לקניות נוספות.",module,Magento_Checkout
"Estimate Shipping and Tax","עלות משלוח ומיסים מוערכת",module,Magento_Checkout
"Excl. Tax","למעט מס",module,Magento_Checkout
Loading...,טוען...,module,Magento_Checkout
"Proceed to Checkout","המשך לקופה",module,Magento_Checkout
"Product Name","שם מוצר",module,Magento_Checkout
"Incl. Tax","כולל מס",module,Magento_Checkout
"Save and Continue Edit","שמור והמשך בעריכה",module,Magento_Cms
"Edit Block '%1'","ערוך בלוק '%1'",module,Magento_Cms
"Block Information","בלוק מידע",module,Magento_Cms
"Store View","תצוגת חנות",module,Magento_Cms
Status,סטטוס,module,Magento_Cms
Enabled,פעיל,module,Magento_Cms
Disabled,"לא פעיל",module,Magento_Cms
Content,תוכן,module,Magento_Cms
"Add New Page","הוספת דף חדש",module,Magento_Cms
"Save Page","שמירת דף",module,Magento_Cms
"Delete Page","מחיקת דף",module,Magento_Cms
"Edit Page '%1'","עריכת עמוד '%1'",module,Magento_Cms
"Page Layout","תצוגת עמוד",module,Magento_Cms
"Custom Design","עיצוב מותאם",module,Magento_Cms
"Custom Design From","עיצוב מותאם אישית מ",module,Magento_Cms
"Custom Design To","עיצוב מותאם אישית ל",module,Magento_Cms
"Custom Layout Update XML","עדכון תצוגה מותאמת אישית XML",module,Magento_Cms
"Relative to Web Site Base URL","קבל את URL הבסיס האינטרנטי",module,Magento_Cms
"Page Status","מצב עמוד",module,Magento_Cms
"Meta Data","נתוני מטא",module,Magento_Cms
Keywords,"מילות מפתח",module,Magento_Cms
Description,תיאור,module,Magento_Cms
Action,פעולה,module,Magento_Cms
Home,"דף הבית",module,Magento_Cms
"Choose an Option...","בחרו אפשרות...",module,Magento_ConfigurableProduct
Price,מחיר,module,Magento_ConfigurableProduct
Quantity,כמות,module,Magento_ConfigurableProduct
Name,שם,module,Magento_ConfigurableProduct
SKU,מק''ט,module,Magento_ConfigurableProduct
Cancel,ביטול,module,Magento_ConfigurableProduct
"* Required Fields","* שדות חובה",module,Magento_Contact
Name,שם,module,Magento_Contact
Email,דואר,module,Magento_Contact
Submit,שלח,module,Magento_Contact
Reset,איפוס,module,Magento_CurrencySymbol
"Please correct the input data for %1 => %2 rate","נא תקן את נתוני נקלט עבור %1 => %2 קצב",module,Magento_CurrencySymbol
System,מערכת,module,Magento_CurrencySymbol
"You subscribe to our newsletter.","נרשמת לניוזלטר החודשי שלנו.",module,Magento_Customer
"You have not set a default shipping address.","לא הוגדרה כתובת ברירת מחדל לשילוח.",module,Magento_Customer
"You have not set a default billing address.","אין לך כתובת ברירת מחדל לתשלום.",module,Magento_Customer
"Address Book","ספר כתובות",module,Magento_Customer
"Edit Address","ערוך כתובת",module,Magento_Customer
"Add New Address","הוסף כתובת חדשה",module,Magento_Customer
region,אזור,module,Magento_Customer
"Create Order","צור הזמנה",module,Magento_Customer
"Save Customer","שמור לקוח",module,Magento_Customer
"Delete Customer","מחק לקוח",module,Magento_Customer
"Reset Password","איפוס סיסמה",module,Magento_Customer
"New Customer","לקוח חדש",module,Magento_Customer
"Save and Continue Edit","שמור והמשך בעריכה",module,Magento_Customer
Back,חזור,module,Magento_Customer
"Please select","אנא בחר",module,Magento_Customer
Product,מוצר,module,Magento_Customer
SKU,מק''ט,module,Magento_Customer
Quantity,כמות,module,Magento_Customer
Price,מחיר,module,Magento_Customer
Total,"סה""כ",module,Magento_Customer
Action,פעולה,module,Magento_Customer
Configure,הגדר,module,Magento_Customer
Delete,מחק,module,Magento_Customer
"Shopping Cart from %1","עגלת הקניות של %1",module,Magento_Customer
Newsletter,ניוזלטר,module,Magento_Customer
"Newsletter Information","מידע ניוזלטר",module,Magento_Customer
"Subscribed to Newsletter","הירשם לניוזלטר",module,Magento_Customer
"Last Date Subscribed","תאריך אחרון לרישום",module,Magento_Customer
"Last Date Unsubscribed","תאריך אחרון לביטול הרשמה",module,Magento_Customer
"No Newsletter Found","לא נמצאו הודעות ניוזלטר",module,Magento_Customer
"Start date","תאריך התחלה",module,Magento_Customer
"End Date","תאריך סיום",module,Magento_Customer
"Receive Date","תאריך קבלה",module,Magento_Customer
Subject,נושא,module,Magento_Customer
Status,סטטוס,module,Magento_Customer
Sent,נשלח,module,Magento_Customer
Cancel,ביטול,module,Magento_Customer
"Not Sent","לא נשלח",module,Magento_Customer
Sending,שולח,module,Magento_Customer
Paused,נעצר,module,Magento_Customer
View,הצג,module,Magento_Customer
Unknown,"לא ידועה",module,Magento_Customer
Order,הזמנה,module,Magento_Customer
"Bill-to Name","שלח חיוב לשם",module,Magento_Customer
"Ship-to Name","נשלח אל שם",module,Magento_Customer
"Order Total","סה""כ להזמנה",module,Magento_Customer
"Purchase Point","נקודת רכישה",module,Magento_Customer
"Customer View","תצוגת לקוח",module,Magento_Customer
Qty,כמות,module,Magento_Customer
Confirmed,מאושר,module,Magento_Customer
"Confirmation Required","דרוש אישור",module,Magento_Customer
"Confirmation Not Required","לא דרוש אישור",module,Magento_Customer
Indeterminate,"לא מוגדר",module,Magento_Customer
"The customer does not have default billing address.","אין ללקוח כתובת חיוב ברירת מחדל.",module,Magento_Customer
Offline,אוף-ליין,module,Magento_Customer
Never,"לעולם לא",module,Magento_Customer
"Deleted Stores","חנויות שנמחקו",module,Magento_Customer
"Add Locale","הוסף אזור",module,Magento_Customer
"Add Date","הוספת תאריך",module,Magento_Customer
"Days in Wish List","ימים ב Wish List",module,Magento_Customer
No,לא,module,Magento_Customer
Yes,כן,module,Magento_Customer
"Delete File","מחק קובץ",module,Magento_Customer
Download,הורדה,module,Magento_Customer
"Delete Image","מחיקת תמונה",module,Magento_Customer
"View Full Size","תצוגה בגודל מלא",module,Magento_Customer
"All countries","כל המדינות",module,Magento_Customer
"Customer Groups","קבוצת לקוחות",module,Magento_Customer
"Add New Customer Group","קבוצת לקוחות חדשה",module,Magento_Customer
"Save Customer Group","שמור קבוצת לקוחות",module,Magento_Customer
"Delete Customer Group","מחק קבוצת לקוחות",module,Magento_Customer
"New Customer Group","קבוצת לקוח חדשה",module,Magento_Customer
"Edit Customer Group ""%1""","ערוך קבוצת לקוחות ""%1""",module,Magento_Customer
"Group Information","מידע קבוצה",module,Magento_Customer
"Group Name","שם קבוצה",module,Magento_Customer
"Maximum length must be less then %1 symbols","האורך המקסימלי חייב להיות פחות מ-%1 סמלים",module,Magento_Customer
"Tax Class","מחלקת/מדרגת מס",module,Magento_Customer
"Would you like to change the Customer Group for this order?","תרצה לשנות את קבוצת הלקוחות להזמנה זו?",module,Magento_Customer
"The VAT ID is valid. The current Customer Group will be used.","מזהה מע""מ בתוקף לקבוצת הלקוחות הנוכחית.",module,Magento_Customer
"Validate VAT Number","אימות מספר מע״מ",module,Magento_Customer
"Customer Login","כניסת לקוחות",module,Magento_Customer
"Create New Customer Account","צור חשבון לקוח חדש",module,Magento_Customer
"Date of Birth","תאריך לידה",module,Magento_Customer
"Bad request.","בקשה שגויה.",module,Magento_Customer
"This confirmation key is invalid or has expired.","מספר אישור זה אינו חוקי או שפג תוקפו.",module,Magento_Customer
"There was an error confirming the account","אירעה שגיאה באימות החשבון",module,Magento_Customer
"Thank you for registering with %1.","תודה לך על שנרשמת עם %1.",module,Magento_Customer
"This email does not require confirmation.","האימייל הזה אינו מחייב אישור.",module,Magento_Customer
"Wrong email.","הדוא""ל שגוי.",module,Magento_Customer
"Your password reset link has expired.","הקישור איפוס הסיסמה פג.",module,Magento_Customer
"There is already an account with this email address. If you are sure that it is your email address, <a href=""%1"">click here</a> to get your password and access your account.","קיים כבר חשבון עם כתובת הדוא״ל. אם אתה בטוח כי זה כתובת הדואר האלקטרוני שלך, <a href=""%1""> לחץ כאן</a> כדי לקבל את הסיסמה שלך כדי לגשת לחשבון שלך.",module,Magento_Customer
"Account Information","פרטי חשבון",module,Magento_Customer
"Invalid input","קלט שגוי",module,Magento_Customer
"Please correct the email address.","נא תקן את כתובת הדוא״ל.",module,Magento_Customer
"Please enter your email.","הזן את כתובת הדוא""ל שלך.",module,Magento_Customer
"If there is an account associated with %1 you will receive an email with a link to reset your password.","אם יש חשבון המשויך %1 תקבל הודעת דוא״ל עם קישור לאיפוס הסיסמה שלך.",module,Magento_Customer
"My Account","החשבון שלי",module,Magento_Customer
"Invalid login or password.","משתמש או סיסמה שגויים.",module,Magento_Customer
Customers,לקוחות,module,Magento_Customer
Global,גלובלי,module,Magento_Customer
"Billing Address","כתובת חיוב",module,Magento_Customer
"Please correct this email address: ""%1"".","אנא תקן את כתובת הדוא""ל ל:""%1"".",module,Magento_Customer
label,תווית,module,Magento_Customer
Edit,ערוך,module,Magento_Customer
Customer,לקוח,module,Magento_Customer
"No item specified.","לא צויין פריט.",module,Magento_Customer
"Personal Information","פרטים אישיים",module,Magento_Customer
"Default Billing Address","כתובת ברירת המחדל לחיוב",module,Magento_Customer
"Web Site",אתר,module,Magento_Customer
"Store View","תצוגת חנות",module,Magento_Customer
"Lifetime Sales","מבצע קבוע",module,Magento_Customer
"All Store Views","כל תצוגות החנויות",module,Magento_Customer
"Manage Addresses","נהל כתובות",module,Magento_Customer
"Default Shipping Address","כתובת ברירת המחדל למשלוח",module,Magento_Customer
"Contact Information","מידע ליצירת קשר",module,Magento_Customer
"Change Password","שינוי סיסמה",module,Magento_Customer
Newsletters,ניוזלטר,module,Magento_Customer
"Change Billing Address","שנה כתובת לחיוב",module,Magento_Customer
"You have no default billing address in your address book.","אין לך כתובת ברירת המחדל לחיוב.",module,Magento_Customer
"Change Shipping Address","שנה כתובת למשלוח",module,Magento_Customer
"* Required Fields","* שדות חובה",module,Magento_Customer
Company,חברה,module,Magento_Customer
Address,כתובת,module,Magento_Customer
City,עיר,module,Magento_Customer
State/Province,מדינה/מחוז,module,Magento_Customer
"Zip/Postal Code",מיקוד,module,Magento_Customer
Email,"דוא""ל",module,Magento_Customer
"Current Password","סיסמא נוכחית",module,Magento_Customer
"New Password","סיסמה חדשה",module,Magento_Customer
"Confirm New Password","אימות סיסמא חדשה",module,Magento_Customer
Save,שמור,module,Magento_Customer
Submit,שלח,module,Magento_Customer
"Registered Customers","לקוחות רשומים",module,Magento_Customer
Password,סיסמה,module,Magento_Customer
Login,כניסה,module,Magento_Customer
"Forgot Your Password?","שכחת סיסמה?",module,Magento_Customer
"General Subscription","הרשמה כללית",module,Magento_Customer
"Sign Up for Newsletter","הרשמה לניוזלטר",module,Magento_Customer
"Confirm Password","אימות סיסמא",module,Magento_Customer
"New Customers","לקוחות חדשים",module,Magento_Customer
Name,שם,module,Magento_Customer
"Please, specify origin country","אנא ציין ארץ מוצא",module,Magento_Dhl
None,ללא,module,Magento_Dhl
State/Province,מדינה/מחוז,module,Magento_Directory
"--Please Select--","-- נא לבחור --",module,Magento_Directory
label,תווית,module,Magento_Directory
"All Files","כל הקבצים",module,Magento_Downloadable
Pending,ממתין,module,Magento_Downloadable
"Sort Order","סדר מיון",module,Magento_Downloadable
Price,מחיר,module,Magento_Downloadable
File,קובץ,module,Magento_Downloadable
Delete,מחק,module,Magento_Downloadable
SKU,מק''ט,module,Magento_Downloadable
Availability,זמינות,module,Magento_Downloadable
"In stock",במלאי,module,Magento_Downloadable
Status,סטטוס,module,Magento_Downloadable
"View Order","הצג הזמנה",module,Magento_Downloadable
Back,חזור,module,Magento_Downloadable
"Gift Message","הודעת מתנה",module,Magento_Downloadable
From:,מ:,module,Magento_Downloadable
To:,ל:,module,Magento_Downloadable
Message:,הודעה:,module,Magento_Downloadable
Qty,כמות,module,Magento_Downloadable
"Not shared with other products","אינו משותף עם מוצרים אחרים",module,Magento_Eav
Yes,כן,module,Magento_Eav
No,לא,module,Magento_Eav
System,מערכת,module,Magento_Eav
None,ללא,module,Magento_Eav
Email,דואר,module,Magento_Eav
label,תווית,module,Magento_Eav
"Add New Template","להוסיף תבנית חדשה",module,Magento_Email
"Transactional Emails","מיילים של עסקאות",module,Magento_Email
Back,חזור,module,Magento_Email
Reset,איפוס,module,Magento_Email
"Delete Template","למחוק תבנית",module,Magento_Email
"Convert to Plain Text","המר לטקסט רגיל",module,Magento_Email
"Return Html Version","החזר את גרסת Html",module,Magento_Email
"Preview Template","תצוגה מקדימה של תבנית",module,Magento_Email
"Save Template","שמירת תבנית",module,Magento_Email
"Load Template","טעינת תבנית",module,Magento_Email
"Edit Email Template","ערוך תבנית דואר אלקטרוני",module,Magento_Email
"New Email Template","תבנית דואר אלקטרוני החדשה",module,Magento_Email
"Template Information","מידע אודות התבנית",module,Magento_Email
"Template Name","שם תבנית",module,Magento_Email
"Template Subject","נושא תבנית",module,Magento_Email
"Insert Variable...","הוסף משתנה...",module,Magento_Email
"Template Content","תוכן התבנית",module,Magento_Email
"Template Styles","סטייל תבנית",module,Magento_Email
Preview,"תצוגה מקדימה",module,Magento_Email
Unknown,"לא ידוע",module,Magento_Email
"The email template is currently being used.","תבנית הדואר האלקטרוני נמצא כעת בשימוש.",module,Magento_Email
"Edit Template","ערוך תבנית",module,Magento_Email
"Edit System Template","עריכת תבנית מערכת",module,Magento_Email
"New Template","תבנית חדשה",module,Magento_Email
"New System Template","תבנית מערכת חדשה",module,Magento_Email
"Email Templates","תבניות אימייל",module,Magento_Email
"Email Preview","תצוגה מקדימה של דואר אלקטרוני",module,Magento_Email
"An error occurred. The email template can not be opened for preview.","אירעה שגיאה. לא ניתן לפתוח את תבנית הדואר האלקטרוני עבור תצוגה מקדימה.",module,Magento_Email
"This email template no longer exists.","תבנית דואר אלקטרוני זו כבר לא קיימת.",module,Magento_Email
"Base Unsecure URL","כתובת URL בסיסית לא מאובטחת",module,Magento_Email
"Base Secure URL","כתובת URL בסיסית מאובטחת",module,Magento_Email
"General Contact Name","שם איש קשר כללי",module,Magento_Email
"General Contact Email","דואר אלקטרוני של איש קשר כללי",module,Magento_Email
"Zip/Postal Code",מיקוד,module,Magento_Email
City,עיר,module,Magento_Email
"Change Encryption Key","שנה מפתח הצפנה",module,Magento_EncryptionKey
"Encryption Key","מפתח ההצפנה",module,Magento_EncryptionKey
"New Encryption Key","מפתח ההצפנה החדש",module,Magento_EncryptionKey
"The encryption key is used to protect passwords and other sensitive data.","מפתח ההצפנה משמש כדי להגן על סיסמאות ונתונים רגישים אחרים.",module,Magento_EncryptionKey
"Auto-generate a Key","צור מפתח רנדומלי",module,Magento_EncryptionKey
No,לא,module,Magento_EncryptionKey
Yes,כן,module,Magento_EncryptionKey
"The generated key will be displayed after changing.","המפתח שנוצר יוצג לאחר שינוי.",module,Magento_EncryptionKey
"New Key","מפתח חדש",module,Magento_EncryptionKey
"Please enter an encryption key.","הזן בבקשה את מפתח ההצפנה.",module,Magento_EncryptionKey
"The encryption key has been changed.","מפתח ההצפנה שונה.",module,Magento_EncryptionKey
None,ללא,module,Magento_Fedex
From,מ-,module,Magento_GiftMessage
To,ל-,module,Magento_GiftMessage
Message,הודעה,module,Magento_GiftMessage
Cancel,ביטול,module,Magento_GiftMessage
OK,אישור,module,Magento_GiftMessage
"Gift Message","הודעת מתנה",module,Magento_GiftMessage
Dynamic,דינמי,module,Magento_GoogleAdwords
"Please specify the quantity of product(s).","נא לציין את כמות מוצרים.",module,Magento_GroupedProduct
Availability:,זמינות:,module,Magento_GroupedProduct
SKU,מק''ט,module,Magento_GroupedProduct
"Product Name","שם מוצר",module,Magento_GroupedProduct
Price,מחיר,module,Magento_GroupedProduct
Qty,כמות,module,Magento_GroupedProduct
Name,שם,module,Magento_GroupedProduct
Availability,זמינות,module,Magento_GroupedProduct
"In stock",במלאי,module,Magento_GroupedProduct
Export,ייצוא,module,Magento_ImportExport
From,מאת,module,Magento_ImportExport
To,ל-,module,Magento_ImportExport
Status,סטטוס,module,Magento_ImportExport
"in rows:",בשורות:,module,Magento_ImportExport
"in rows",בשורות,module,Magento_ImportExport
label,תווית,module,Magento_ImportExport
Save,שמור,module,Magento_Integration
General,כללי,module,Magento_Integration
Name,שם,module,Magento_Integration
Email,דואר,module,Magento_Integration
Remove,הסר,module,Magento_Integration
Edit,ערוך,module,Magento_Integration
Inactive,"לא פעיל",module,Magento_Integration
Active,פעיל,module,Magento_Integration
No,לא,module,Magento_LayeredNavigation
Position,מיקום,module,Magento_LayeredNavigation
"Position of attribute in layered navigation block","מיקום התכונה בבלוק ניווט השכבות",module,Magento_LayeredNavigation
Previous,הקודם,module,Magento_LayeredNavigation
"Remove This Item","הסר פריט זה",module,Magento_LayeredNavigation
"Shop By","סנן לפי",module,Magento_LayeredNavigation
"Clear All","נקה הכל",module,Magento_LayeredNavigation
"Shopping Options","אפשרויות סינון",module,Magento_LayeredNavigation
Total,"סה""כ",module,Magento_Multishipping
"Shipping Methods","שיטות המשלוח",module,Magento_Multishipping
Product,מוצר,module,Magento_Multishipping
Qty,כמות,module,Magento_Multishipping
"Remove item","הסר פריט",module,Magento_Multishipping
"Billing Address","כתובת חיוב",module,Magento_Multishipping
"Edit Items","עריכת פריטים",module,Magento_Multishipping
"Product Name","שם מוצר",module,Magento_Multishipping
"Incl. Tax","כולל מס",module,Magento_Multishipping
Price,מחיר,module,Magento_Multishipping
Subtotal,"סכום ביניים",module,Magento_Multishipping
Items,פריטים,module,Magento_Multishipping
Back,חזור,module,Magento_Newsletter
Reset,איפוס,module,Magento_Newsletter
Message,הודעה,module,Magento_Newsletter
Cancel,ביטול,module,Magento_Newsletter
Action,פעולה,module,Magento_Newsletter
"Newsletter Queue","ניוזלטר - תור",module,Magento_Newsletter
"Newsletter Subscribers","ניוזלטר - מנויים",module,Magento_Newsletter
Newsletter,ניוזלטר,module,Magento_Newsletter
"Newsletter Subscription","ניוזלטר - רישום",module,Magento_Newsletter
"Enter your email address","הזן את כתובת הדוא""ל שלך",module,Magento_Newsletter
Subscribe,הירשם,module,Magento_Newsletter
Country,ארץ,module,Magento_OfflineShipping
"Zip/Postal Code",מיקוד,module,Magento_OfflineShipping
None,ללא,module,Magento_OfflineShipping
"Duplicate Row #%1 (Country ""%2"", Region/State ""%3"", Zip ""%4"" and Value ""%5"")","ערך כפול #%1 (מדינה ""%2"", אזור/מדינה ""%3"", מיקוד ""%4"", ערך ""%5"")",module,Magento_OfflineShipping
No,לא,module,Magento_OfflineShipping
"Built-in Application (Not Recommended for Production Use)","אפליקציות מובנות(לא מומלץ לשימוש בפרודקשן)",module,Magento_PageCache
"Varnish Caching","מטמון של Varnish",module,Magento_PageCache
Month,חודש,module,Magento_Payment
Year,שנה,module,Magento_Payment
"Credit Card Type","סוג כרטיס אשראי",module,Magento_Payment
"Credit Card Number","מספר כרטיס אשראי",module,Magento_Payment
Discount,הנחה,module,Magento_Payment
Shipping,משלוח,module,Magento_Payment
Yes,כן,module,Magento_Payment
No,לא,module,Magento_Payment
"Expiration Date","תאריך תפוגה",module,Magento_Payment
"Card Verification Number","קוד אימות לכרטיס",module,Magento_Payment
"Switch/Solo/Maestro Only","החלפה/סולו/מאסטרו בלבד",module,Magento_Payment
"Issue Number","מספר מקרה",module,Magento_Payment
"Start Date","תאריך התחלה",module,Magento_Payment
"--Please Select--","--אנא בחר",module,Magento_Payment
"What is this?","מה זה?",module,Magento_Payment
"Billing Agreements","הוראות קבע",module,Magento_Paypal
ID,מזהה,module,Magento_Paypal
Email,אימייל,module,Magento_Paypal
"First Name","שם פרטי",module,Magento_Paypal
"Last Name","שם משפחה",module,Magento_Paypal
Status,סטטוס,module,Magento_Paypal
Back,חזור,module,Magento_Paypal
"Are you sure you want to do this?","אתה בטוח שאתה רוצה לעשות את זה?",module,Magento_Paypal
Cancel,ביטול,module,Magento_Paypal
Order,הזמנה,module,Magento_Paypal
Configure,הגדר,module,Magento_Paypal
Close,סגור,module,Magento_Paypal
"Incl. Tax","כולל מס",module,Magento_Paypal
"PayPal response hasn't required fields.","תגובת PayPal אינם שדות חובה.",module,Magento_Paypal
Active,פעיל,module,Magento_Paypal
Dynamic,דינמי,module,Magento_Paypal
Yes,כן,module,Magento_Paypal
No,לא,module,Magento_Paypal
"Start Date","תאריך התחלה",module,Magento_Paypal
Custom,מותאם,module,Magento_Paypal
"--Please Select--","--אנא בחר",module,Magento_Paypal
Customer,לקוח,module,Magento_Paypal
"View Order","הצג הזמנה",module,Magento_Paypal
Edit,ערוך,module,Magento_Paypal
Price,מחיר,module,Magento_Paypal
Qty,כמות,module,Magento_Paypal
Subtotal,"סכום ביניים",module,Magento_Paypal
"The product was not found.","המוצר לא נמצא.",module,Magento_ProductAlert
Price:,מחיר:,module,Magento_ProductAlert
"Add video","הוסף וידאו",module,Magento_ProductVideo
Shipping,משלוח,module,Magento_Quote
Subtotal,"סכום ביניים",module,Magento_Quote
Discount,הנחה,module,Magento_Quote
Tax,מס,module,Magento_Quote
"New Accounts","חשבונות חדשים",module,Magento_Reports
Day,יום,module,Magento_Reports
Month,חודש,module,Magento_Reports
Year,שנה,module,Magento_Reports
From,מ-,module,Magento_Reports
To,ל-,module,Magento_Reports
Yes,כן,module,Magento_Reports
No,לא,module,Magento_Reports
Refresh,רענן,module,Magento_Reports
Product,מוצר,module,Magento_Reports
SKU,מק''ט,module,Magento_Reports
"Most Viewed","הכי מוקלקים",module,Magento_Reports
Total,"סה""כ",module,Magento_Reports
Price,מחיר,module,Magento_Reports
Views,צפיות,module,Magento_Reports
Customer,לקוח,module,Magento_Reports
Subtotal,"סכום ביניים",module,Magento_Reports
Discount,הנחה,module,Magento_Reports
Orders,הזמנות,module,Magento_Reports
Items,פריטים,module,Magento_Reports
Revenue,הכנסה,module,Magento_Reports
Tax,מס,module,Magento_Reports
Shipping,משלוח,module,Magento_Reports
Email,דואר,module,Magento_Reports
Products,מוצרים,module,Magento_Reports
Quantity,כמות,module,Magento_Reports
Customers,לקוחות,module,Magento_Reports
"First Name","שם פרטי",module,Magento_Reports
"Last Name","שם משפחה",module,Magento_Reports
Name,שם,module,Magento_Reports
"Best Sellers Report","דו המוצרים הנמכרים ביותר",module,Magento_Reports
"Shopping Cart","עגלת קניות",module,Magento_Reports
Bestsellers,"הנמכרים ביותר",module,Magento_Reports
"Add to Cart","הוסף לסל",module,Magento_Reports
"In stock",במלאי,module,Magento_Reports
"Save Review","שמור חוות דעת",module,Magento_Review
"New Review","חוות דעת חדשה",module,Magento_Review
"Review Details","פרטי חוות דעת מוצר",module,Magento_Review
Product,מוצר,module,Magento_Review
"Product Rating","דירוג מוצר",module,Magento_Review
Status,סטטוס,module,Magento_Review
Visibility,נראות,module,Magento_Review
Nickname,כינוי,module,Magento_Review
"Summary of Review","תקציר חוות הדעת",module,Magento_Review
Review,"חוות דעת",module,Magento_Review
Previous,הקודם,module,Magento_Review
Next,הבא,module,Magento_Review
"Delete Review","מחק חוות דעת",module,Magento_Review
"Are you sure you want to do this?","אתה בטוח שאתה רוצה לעשות את זה?",module,Magento_Review
"Edit Review '%1'","עריכת ביקורת '%1'",module,Magento_Review
Administrator,מנהל,module,Magento_Review
Guest,אורח,module,Magento_Review
"Summary Rating","סיכום דירוג",module,Magento_Review
"Detailed Rating","פירטי דירוגים",module,Magento_Review
Title,כותרת,module,Magento_Review
Type,סוג,module,Magento_Review
SKU,מק''ט,module,Magento_Review
Action,פעולה,module,Magento_Review
Edit,ערוך,module,Magento_Review
Delete,מחק,module,Magento_Review
"Are you sure?","האם אתה בטוח?",module,Magento_Review
Customer,לקוח,module,Magento_Review
"Pending Reviews","חוות דעת בהמתנה",module,Magento_Review
"All Reviews","כל חוות הדעת",module,Magento_Review
Name,שם,module,Magento_Review
Price,מחיר,module,Magento_Review
Quantity,כמות,module,Magento_Review
Websites,אתרים,module,Magento_Review
"Manage Ratings","נהל דירוגים",module,Magento_Review
"Add New Rating","הוסף דירוג חדש",module,Magento_Review
"Save Rating","שמור דירוג",module,Magento_Review
"Delete Rating","מחק דירוג",module,Magento_Review
"Sort Order","סדר מיון",module,Magento_Review
"Product Reviews","חוות דעת מוצרים",module,Magento_Review
Reviews,ביקורות,module,Magento_Review
"Customer Reviews","חוות דעת של לקוחות",module,Magento_Review
"My Product Reviews","ביקורות שלי",module,Magento_Review
"Product Name","שם מוצר",module,Magento_Review
Rating,דירוג,module,Magento_Review
"You have submitted no reviews.","לא הגשת אף חוות דעת.",module,Magento_Review
Back,חזור,module,Magento_Review
"My Recent Reviews","חוות דעת אחרונות שלי",module,Magento_Review
"Average Customer Rating:","דירוג הממוצע:",module,Magento_Review
"Back to My Reviews","חזרה לחוות דעת שלי",module,Magento_Review
"Be the first to review this product","היה הראשון לכתוב חוות דעת ביקורת",module,Magento_Review
"Write Your Own Review","כתוב חוות דעת שלך",module,Magento_Review
"* Required Fields","* שדות חובה",module,Magento_Review
"You're reviewing:","הנך סוקר:",module,Magento_Review
Summary,סיכום,module,Magento_Review
"Submit Review","שלח חוות דעת מוצר",module,Magento_Review
"Add Your Review","הוסף את חוות הדעת שלך",module,Magento_Review
"Review by","חוות דעת של",module,Magento_Review
"Posted on","פורסם ע""י",module,Magento_Review
"Back to Main Product Info","חזור לפירוט מוצר",module,Magento_Review
"Average Customer Rating","ממוצע דירוג הלקוחות",module,Magento_Review
"Product Rating:","דירוג מוצר:",module,Magento_Review
"Back to Product Reviews","חזור אל חוות דעת על המוצר",module,Magento_Review
Apply,החל,module,Magento_Rule
Remove,הסר,module,Magento_Rule
"Cart Price Rules","כללי קניות - כללי מחיר",module,Magento_SalesRule
"Save and Continue Edit","שמור והמשך בעריכה",module,Magento_SalesRule
Actions,פעולות,module,Magento_SalesRule
Apply,החל,module,Magento_SalesRule
"Discount Amount","סכום הנחה",module,Magento_SalesRule
Yes,כן,module,Magento_SalesRule
No,לא,module,Magento_SalesRule
Delete,מחק,module,Magento_SalesRule
Status,סטטוס,module,Magento_SalesRule
Active,פעיל,module,Magento_SalesRule
Inactive,"לא פעיל",module,Magento_SalesRule
Rule,כלל,module,Magento_SalesRule
Catalog,קטלוג,module,Magento_SalesRule
Discount,הנחה,module,Magento_SalesRule
Subtotal,"סכום ביניים",module,Magento_SalesRule
"Credit Memos","חשבוניות זיכוי",module,Magento_Sales
Orders,הזמנות,module,Magento_Sales
Invoices,חשבוניות,module,Magento_Sales
Cancel,ביטול,module,Magento_Sales
"Billing Address","כתובת חיוב",module,Magento_Sales
"Payment Method","שיטת התשלום",module,Magento_Sales
"Account Information","פרטי חשבון",module,Magento_Sales
From,מ-,module,Magento_Sales
To,ל-,module,Magento_Sales
Message,הודעה,module,Magento_Sales
"Items Ordered","פריטים שהוזמנו",module,Magento_Sales
Configure,הגדר,module,Magento_Sales
"Newsletter Subscription","ניוזלטר - רישום",module,Magento_Sales
Product,מוצר,module,Magento_Sales
SKU,מק''ט,module,Magento_Sales
Price,מחיר,module,Magento_Sales
Quantity,כמות,module,Magento_Sales
"Shopping Cart","עגלת קניות",module,Magento_Sales
Edit,ערוך,module,Magento_Sales
Invoice,חשבונית,module,Magento_Sales
"Order Information","פרטי ההזמנה",module,Magento_Sales
Shipments,משלוחים,module,Magento_Sales
Transactions,טרנזקציות,module,Magento_Sales
Any,כל,module,Magento_Sales
Yes,כן,module,Magento_Sales
No,לא,module,Magento_Sales
Back,חזור,module,Magento_Sales
"My Orders","ההזמנות שלי",module,Magento_Sales
Sales,מכירות,module,Magento_Sales
"Quote item id is not received.","לא התקבל Id עבור הצעת המחיר.",module,Magento_Sales
"You created the order.","יצרת את ההזמנה.",module,Magento_Sales
"Order saving error: %1","שגיאה בשמירת ההזמנה: %1",module,Magento_Sales
"Orders and Returns","הזמנות והחזרות",module,Magento_Sales
Home,"דף בית",module,Magento_Sales
"Go to Home Page","לעבור לדף הבית",module,Magento_Sales
Guest,אורח,module,Magento_Sales
Pending,ממתין,module,Magento_Sales
Order,הזמנה,module,Magento_Sales
"Shipping Method:","שיטות המשלוח:",module,Magento_Sales
Products,מוצרים,module,Magento_Sales
Qty,כמות,module,Magento_Sales
"Excl. Tax","למעט מס",module,Magento_Sales
"Incl. Tax","כולל מס",module,Magento_Sales
City,עיר,module,Magento_Sales
Company,חברה,module,Magento_Sales
Email,דואר,module,Magento_Sales
"First Name","שם פרטי",module,Magento_Sales
"Last Name","שם משפחה",module,Magento_Sales
State/Province,מדינה/מחוז,module,Magento_Sales
"Zip/Postal Code",מיקוד,module,Magento_Sales
Customer,לקוח,module,Magento_Sales
"Apply Coupon Code","אשר את קוד הקופון",module,Magento_Sales
Apply,החל,module,Magento_Sales
"Remove Coupon Code","הסר קוד קופון",module,Magento_Sales
Remove,הסר,module,Magento_Sales
Action,פעולה,module,Magento_Sales
"No ordered items","אין פריטים שהוזמנו",module,Magento_Sales
"Total %1 product(s)","כל %1 מוצרים",module,Magento_Sales
Subtotal:,"סך ביניים:",module,Magento_Sales
"Subscribe to Newsletter","הירשם לעדכונים",module,Magento_Sales
Refresh,רענן,module,Magento_Sales
Item,פריט,module,Magento_Sales
"No items","אין פריטים",module,Magento_Sales
"Discount Amount","סכום הנחה",module,Magento_Sales
"No Items","אין פריטים",module,Magento_Sales
"Gift Message","הודעת מתנה",module,Magento_Sales
From:,מ:,module,Magento_Sales
To:,ל:,module,Magento_Sales
Message:,הודעה:,module,Magento_Sales
Status,סטטוס,module,Magento_Sales
"Product Name","שם מוצר",module,Magento_Sales
"View Order","הצג הזמנה",module,Magento_Sales
"Print Order","הדפס הזמנה",module,Magento_Sales
"Qty Invoiced","כמות שחויבה",module,Magento_Sales
Close,סגור,module,Magento_Sales
"Qty Shipped","כמות שנשלחה",module,Magento_Sales
"Add to Cart","הוסף לסל",module,Magento_Sales
Name,שם,module,Magento_SendFriend
"* Required Fields","* שדות חובה",module,Magento_SendFriend
Back,חזור,module,Magento_SendFriend
Type,סוג,module,Magento_Shipping
Product,מוצר,module,Magento_Shipping
Qty,כמות,module,Magento_Shipping
"Incl. Tax","כולל מס",module,Magento_Shipping
"Select All","בחר הכל",module,Magento_Shipping
"Product Name","שם מוצר",module,Magento_Shipping
Delete,מחק,module,Magento_Shipping
Cancel,ביטול,module,Magento_Shipping
Action,פעולה,module,Magento_Shipping
"Are you sure?","האם אתה בטוח?",module,Magento_Shipping
"Qty Shipped","כמות שנשלחה",module,Magento_Shipping
SKU,מק''ט,module,Magento_Shipping
Sitemap,"מפת אתר",module,Magento_Sitemap
"Store View","תצוגת חנות",module,Magento_Sitemap
Catalog,קטלוג,module,Magento_Sitemap
"Site Map","מפת אתר",module,Magento_Sitemap
Always,תמיד,module,Magento_Sitemap
None,ללא,module,Magento_Sitemap
All,הכל,module,Magento_Sitemap
"All Store Views","כל תצוגות החנויות",module,Magento_Store
Back,חזור,module,Magento_Tax
Reset,אתחל,module,Magento_Tax
"Are you sure you want to do this?","אתה בטוח שאתה רוצה לעשות את זה?",module,Magento_Tax
"Save and Continue Edit","שמור והמשך בעריכה",module,Magento_Tax
Name,שם,module,Magento_Tax
"Sort Order","סדר מיון",module,Magento_Tax
Tax,מס,module,Magento_Tax
"Billing Address","כתובת חיוב",module,Magento_Tax
Code,קוד,module,Magento_Tax
Subtotal,"סכום ביניים",module,Magento_Tax
Total,"סה""כ",module,Magento_Tax
None,ללא,module,Magento_Tax
"Incl. Tax","כולל מס",module,Magento_Tax
"Excl. Tax","למעט מס",module,Magento_Tax
Save,שמור,module,Magento_Tax
"Save and Continue Edit","שמור והמשך בעריכה",module,Magento_Theme
General,כללי,module,Magento_Theme
label,תווית,module,Magento_Theme
Remove,הסר,module,Magento_Theme
Page,עמוד,module,Magento_Theme
Previous,הקודם,module,Magento_Theme
Next,הבא,module,Magento_Theme
"per page","לכל עמוד",module,Magento_Theme
"About the calendar","על לוח השנה",module,Magento_Theme
Close,סגור,module,Magento_Theme
"Go Today","לך היום",module,Magento_Theme
Time,זמן,module,Magento_Theme
Hour,שעה,module,Magento_Theme
Minute,דקה,module,Magento_Theme
"Dictionary (Translation on Storefront side)","מילון (תרגום בצד החזית של החנות)",module,Magento_Translation
"Embedded (Translation on Admin side)","מוטמע (תרגום בצד ממשק הניהול)",module,Magento_Translation
None,ללא,module,Magento_Ups
label,תווית,module,Magento_Ups
Name,שם,module,Magento_UrlRewrite
SKU,מק''ט,module,Magento_UrlRewrite
Status,סטטוס,module,Magento_UrlRewrite
"Store View","תצוגת חנות",module,Magento_UrlRewrite
Reset,אתחל,module,Magento_UrlRewrite
Back,חזור,module,Magento_UrlRewrite
Delete,מחק,module,Magento_UrlRewrite
"Are you sure you want to do this?","אתה בטוח שאתה רוצה לעשות את זה?",module,Magento_UrlRewrite
Save,שמור,module,Magento_UrlRewrite
"Block Information","בלוק מידע",module,Magento_UrlRewrite
Custom,מותאם,module,Magento_UrlRewrite
"URL Rewrites","שכתוב URL",module,Magento_UrlRewrite
No,לא,module,Magento_UrlRewrite
Back,חזור,module,Magento_User
Reset,אתחל,module,Magento_User
"Are you sure you want to do this?","אתה בטוח שאתה רוצה לעשות את זה?",module,Magento_User
"User Name","שם משתמש",module,Magento_User
"First Name","שם פרטי",module,Magento_User
"Last Name","שם משפחה",module,Magento_User
Email,דואר,module,Magento_User
Status,סטטוס,module,Magento_User
Active,פעיל,module,Magento_User
Inactive,"לא פעיל",module,Magento_User
"Account Information","פרטי חשבון",module,Magento_User
"User Email","דוא״ל של משתמש",module,Magento_User
"New Password","סיסמא חדשה",module,Magento_User
"Password Confirmation","אמת סיסמה",module,Magento_User
"Interface Locale","ממשק אזורי",module,Magento_User
"Your Password","הסיסמה שלך",module,Magento_User
System,מערכת,module,Magento_User
"Forgot your password?","שכחת סיסמא?",module,Magento_User
Custom,מותאם,module,Magento_User
All,הכל,module,Magento_User
Yes,כן,module,Magento_Usps
No,לא,module,Magento_Usps
None,ללא,module,Magento_Usps
"Custom Variables","משתנים מותאמים אישית",module,Magento_Variable
"Variable Code must be unique.","קוד משתנה חייב להיות ייחודי.",module,Magento_Variable
"Validation has failed.","האימות נכשל.",module,Magento_Variable
"Insert Variable...","הוסף משתנה...",module,Magento_Variable
"Add Tax","הוסף מס",module,Magento_Weee
"Delete Tax","מחק מס",module,Magento_Weee
"All Websites","כל האתרים",module,Magento_Weee
"We found a duplicate of website, country and state fields for a fixed product tax","מצאנו כפילות של האתר, מדינה ואזור שדות עבור מס קבוע למוצר",module,Magento_Weee
"Including FPT only","כולל FPT בלבד",module,Magento_Weee
"Including FPT and FPT description","כולל תיאור FPT ו- FPT",module,Magento_Weee
"Excluding FPT. Including FPT description and final price","למעט FPT. כולל תיאור FPT והמחיר הסופי",module,Magento_Weee
"Excluding FPT","למעט FPT",module,Magento_Weee
"Fixed Product Tax","מס מוצר קבוע",module,Magento_Weee
Website,אתר,module,Magento_Weee
Country/State,ארץ/מדינה,module,Magento_Weee
Tax,מס,module,Magento_Weee
Action,פעולה,module,Magento_Weee
"Widget Insertion","הכנסת ווידגט",module,Magento_Widget
"Insert Widget","הכנס ווידגט",module,Magento_Widget
label,תוית,module,Magento_Widget
Choose...,בחר...,module,Magento_Widget
Close,סגור,module,Magento_Widget
"Not Selected","לא נבחר",module,Magento_Widget
Widget,ווידגט,module,Magento_Widget
"Widget Type","סוג ווידגט",module,Magento_Widget
"-- Please Select --","-- אנא בחר --",module,Magento_Widget
"Manage Widget Instances","ניהול מופעי ווידגט",module,Magento_Widget
"Save and Continue Edit","שמור והמשך בעריכה",module,Magento_Widget
"Widget ""%1""","ווידגט ""%1""",module,Magento_Widget
"New Widget Instance","הוסף מופע חדש של ווידגט",module,Magento_Widget
"Custom Layouts","סידורים מותאמים אישית",module,Magento_Widget
"Page Layouts","סידורי עמוד",module,Magento_Widget
"Please Select Container First","אנא בחר מיכל קודם",module,Magento_Widget
Type,סוג,module,Magento_Widget
"Design Package/Theme","חבילות/תבניות מעוצבות",module,Magento_Widget
"Assign to Store Views","התאם לתצוגות החנות",module,Magento_Widget
"Sort Order","סדר מיון",module,Magento_Widget
"Sort Order of widget instances in the same container","סדר מיון של מופעי הווידגט במיכל הנוכחי",module,Magento_Widget
"Layout Updates","עדכוני סידורים",module,Magento_Widget
Categories,קטגוריות,module,Magento_Widget
"Anchor Categories","קטוגריות עם קישור",module,Magento_Widget
"Non-Anchor Categories","קטגוריות ללא קישור",module,Magento_Widget
"All Product Types","כל סוגי המוצרים",module,Magento_Widget
Products,מוצרים,module,Magento_Widget
"Generic Pages","עמודים כלליים",module,Magento_Widget
"All Pages","כל העמודים",module,Magento_Widget
"Specified Page","עמוד ספציפי",module,Magento_Widget
"Add Layout Update","הוסף עדכון סידור",module,Magento_Widget
"Remove Layout Update","הסר עדכוני סידורים",module,Magento_Widget
"Widget Options","אפשרויות ווידגט",module,Magento_Widget
Settings,הגדרות,module,Magento_Widget
"Design Theme","עיצוב תבנית",module,Magento_Widget
Continue,המשך,module,Magento_Widget
"Please specify a Widget Type.","אנא ציין סוג ווידגט.",module,Magento_Widget
"Please specify a correct widget.","אנא ציין את הווידגט הנכון.",module,Magento_Widget
"The widget instance has been deleted.","המופע של הווידגט נמחק.",module,Magento_Widget
"New Widget","ווידגט חדש",module,Magento_Widget
Widgets,ווידגטים,module,Magento_Widget
"The widget instance has been saved.","מופע הווידגט נשמר.",module,Magento_Widget
name,שם,module,Magento_Widget
description,תיאור,module,Magento_Widget
"We cannot create the widget instance because it is missing required information.","אין לנו את אפשרות ליצור מופע של רכיב ווידגט מכיוון שחסר המידע הנדרש.",module,Magento_Widget
Container,מיכל,module,Magento_Widget
Template,תבנית,module,Magento_Widget
All,הכל,module,Magento_Widget
"Specific %1","%1 ספציפי",module,Magento_Widget
"Open Chooser","פתח בוחר",module,Magento_Widget
Apply,החל,module,Magento_Widget
Page,דף,module,Magento_Widget
"Wish List",Wishlist,module,Magento_Wishlist
"Wish List Sharing","שיתוף wishlist",module,Magento_Wishlist
"My Wish List","ה-Wishlist שלי",module,Magento_Wishlist
"%1's Wish List","ה-wishlist של %1",module,Magento_Wishlist
"You added %1 to your shopping cart.","הוספת %1 לעגלת הקניות.",module,Magento_Wishlist
"This product(s) is out of stock.","המוצר(ים) לא במלאי.",module,Magento_Wishlist
"%1 has been moved to your wish list.","%1 הועבר ל-wishlist שלך.",module,Magento_Wishlist
"Message length must not exceed %1 symbols","אורך ההודעה מוגבל ל-%1 תווים",module,Magento_Wishlist
"Your wish list has been shared.","ה-wishlist שלך שותף.",module,Magento_Wishlist
"%1 items","%1 פריטים",module,Magento_Wishlist
"1 item","פריט אחד",module,Magento_Wishlist
Comment,הערה,module,Magento_Wishlist
"Display number of items in wish list","הצגת מספר הפריטים ב-wishlist",module,Magento_Wishlist
"Display item quantities","הצגת כמויות פריטים",module,Magento_Wishlist
"An item option with code %1 already exists.","אופציית הפריט עם קוד %1 כבר קיימת.",module,Magento_Wishlist
"Cannot specify product.","אין אפשרות לציין מוצר.",module,Magento_Wishlist
"Invalid item option format.","הפורמט של הפריט אינו חוקי.",module,Magento_Wishlist
"%1 for ""%2"".","%1 על ""%2"".",module,Magento_Wishlist
"%1 product(s) have been added to shopping cart: %2.","%1 מוצרים נוספו לסל הקניות: %2.",module,Magento_Wishlist
"The product does not exist.","המוצר אינו קיים.",module,Magento_Wishlist
Message,הודעה,module,Magento_Wishlist
"Share Wish List","שתף Wishlist",module,Magento_Wishlist
"Add All to Cart","הוסף הכל לעגלה",module,Magento_Wishlist
"Update Wish List","עדכון Wish List",module,Magento_Wishlist
"View Product","הצג מוצר",module,Magento_Wishlist
"Add to Cart","הוסף לעגלה",module,Magento_Wishlist
Availability,זמינות,module,Magento_Wishlist
"In stock",במלאי,module,Magento_Wishlist
"Out of stock","אזל מהמלאי",module,Magento_Wishlist
Edit,ערוך,module,Magento_Wishlist
"Remove Item","הסר פריט",module,Magento_Wishlist
"Remove item","הסר פריט",module,Magento_Wishlist
"Add to Compare","הוסף להשוואה",module,Magento_Wishlist
"This Wish List has no Items","ב-Wishlist הזה אין פריטים",module,Magento_Wishlist
"Options Details","אפשרויות פרטים",module,Magento_Wishlist
"RSS link to %1's wishlist","קישור RSS למועדפים של %1",module,Magento_Wishlist
"RSS Feed","עדכוני RSS",module,Magento_Wishlist
Back,חזור,module,Magento_Wishlist
"Wish List is empty now.","ה-Wishlist ריק עכשיו.",module,Magento_Wishlist
"* Required Fields","* שדות חובה",module,Magento_Wishlist
"Sharing Information","שיתוף מידע",module,Magento_Wishlist
"Email addresses, separated by commas","כתובות דוא""ל, מופרדים באמצעות פסיקים",module,Magento_Wishlist
"Last Added Items","פריטים אחרונים שנוספו",module,Magento_Wishlist
"Remove This Item","הסרת פריט זה",module,Magento_Wishlist
"Go to Wish List","עבור ל-Wishlist",module,Magento_Wishlist
"You have no items in your wish list.","אין לך פריטים ב Wish List.",module,Magento_Wishlist
"Shop By","מיין לפי",theme,frontend/Magento/luma
Cancel,ביטול,module,Magento_Catalog
OK,אישור,module,Magento_Catalog
"Please select items.","אנא בחר פריטים.",module,Magento_Catalog
"Incl. Tax","כולל מס",module,Magento_ConfigurableProduct
"Add Products","הוסף מוצרים",module,Magento_Sales
"Use HTTPS to Get Feed","השתמש ב- HTTPS כדי לקבל הזנה",module,Magento_AdminNotification
"Update Frequency","תדירות עדכון",module,Magento_AdminNotification
"Last Update","עודכן לאחרונה",module,Magento_AdminNotification
Severity,חומרה,module,Magento_AdminNotification
"Date Added","תאריך הוספה",module,Magento_AdminNotification
Message,הודעה,module,Magento_AdminNotification
Actions,פעולות,module,Magento_AdminNotification
Enabled,פעיל,module,Magento_Authorizenet
"Sort Order","סדר מיון",module,Magento_Authorizenet
Services,שירותים,module,Magento_Backend
Advanced,מתקדם,module,Magento_Backend
"Store Email Addresses","כתובת דוא""ל של חנות",module,Magento_Backend
"Custom Email 1","דואר אלקטרוני מותאם אישית 1",module,Magento_Backend
"Sender Email","אי-מייל השולח",module,Magento_Backend
"Sender Name","שם השולח",module,Magento_Backend
"Custom Email 2","דואר אלקטרוני מותאם אישית 2",module,Magento_Backend
"General Contact","איש קשר כללי",module,Magento_Backend
"Sales Representative","נציג מכירות",module,Magento_Backend
"Customer Support","שירות לקוחות",module,Magento_Backend
Design,עיצוב,module,Magento_Backend
"Design Theme","נושא העיצוב",module,Magento_Backend
"User-Agent Exceptions","חריגות של User-Agent",module,Magento_Backend
"Find a string in client user-agent header and switch to specific design theme for that browser.","מצא מילה בראש הuser-agent של הלקוח והחליף לעיצוב המבוקש בשביל הדפדפן שהוגדר.",module,Magento_Backend
Pagination,"חלוקה לעמודים",module,Magento_Backend
"Pagination Frame","מסגרת לעמודים",module,Magento_Backend
"How many links to display at once.","כמה קישורים להציג בו-זמנית.",module,Magento_Backend
"Pagination Frame Skip","דלג על מסגרת לעמודים",module,Magento_Backend
"If the current frame position does not cover utmost pages, will render link to current position plus/minus this value.","אם המיקום הפריים הנוכחי אינו מכסה את דפים העליונים, הקישור יעביר למיקום הנוכחי סימני חיבור/חיסור ערך זה.",module,Magento_Backend
"Alternative text for previous link in pagination menu. If empty, default arrow image will used.","טקסט חלופי בשביל הקישור הקודם בתפריט ניווט הדפים. אם ריק, תמונת חץ תוצג.",module,Magento_Backend
"Alternative text for next link in pagination menu. If empty, default arrow image will used.","טקסט חלופי בשביל הקישור הקודם בתפריט ניווט הדפים. תמונת חץ תוצג.",module,Magento_Backend
Developer,מפתח,module,Magento_Backend
Debug,"(Debug) ניפוי",module,Magento_Backend
"Template Settings","הגדרות התבנית",module,Magento_Backend
"Translate Inline","תרגם בתוך השורה",module,Magento_Backend
"Enable Javascript Bundling","אפשר איחוד Javascript",module,Magento_Backend
"Default Country","מדינת בררת מחדל",module,Magento_Backend
"European Union Countries","מדינות האיחוד האירופי",module,Magento_Backend
"Top destinations","היעדים המובילים",module,Magento_Backend
"Locale Options","אפשרויות אזור",module,Magento_Backend
Timezone,"אזור זמן",module,Magento_Backend
Locale,מיקום,module,Magento_Backend
"First Day of Week","היום הראשון בשבוע",module,Magento_Backend
"Weekend Days","ימי סוף שבוע",module,Magento_Backend
"Store Name","שם החנות",module,Magento_Backend
"Store Phone Number","מספר הטלפון של החנות",module,Magento_Backend
"Store Hours of Operation","שעות פעילות החנות",module,Magento_Backend
Country,ארץ,module,Magento_Backend
Region/State,אזור/מדינה,module,Magento_Backend
"ZIP/Postal Code",מיקוד,module,Magento_Backend
City,עיר,module,Magento_Backend
"Street Address",רחוב,module,Magento_Backend
"Street Address Line 2","רחוב שורה 2",module,Magento_Backend
"VAT Number","מספר המע""מ",module,Magento_Backend
"Mail Sending Settings","הגדרות שליחת דואר",module,Magento_Backend
"Recovery Link Expiration Period (days)","תוקף תפוגת הקישור(בימים)",module,Magento_Backend
"Please enter a number 1 or greater in this field.","אנא הזן מספר 1 או גדול יותר בשדה זה.",module,Magento_Backend
Security,אבטחה,module,Magento_Backend
"Values less than 60 are ignored.","המערכת מתעלמת מערכים הקטנים מ- 60.",module,Magento_Backend
"Enable Charts","לאפשר תרשימים",module,Magento_Backend
"Default Pages","דפי ברירת מחדל",module,Magento_Backend
"Cache Type","סוג מטמון",module,Magento_Backend
Description,תיאור,module,Magento_Backend
Tags,תגיות,module,Magento_Backend
"<h1 class=""page-heading"">404 Error</h1><p>Page not found.</p>","<h1 class=""page-heading""> שגיאה 404</h1> <p>דף לא נמצא.</p>",module,Magento_Backend
"Community Edition","מהדורה קהילתית",module,Magento_Backend
Delete,מחק,module,Magento_Backup
Time,זמן,module,Magento_Backup
Name,שם,module,Magento_Backup
Type,סוג,module,Magento_Backup
Action,פעולה,module,Magento_Backup
"Capture action","לכידת פעולה",module,Magento_Braintree
"Use Vault","השתמש בכספת",module,Magento_Braintree
"Allow Duplicate Cards","אפשר כרטיסים משוכפלים",module,Magento_Braintree
"Your Kount ID","מזהה הKnout שלך",module,Magento_Braintree
"Use Cache","השתמש בcache",module,Magento_Braintree
"Display products availability in stock on Storefront.","הצגת מלאי המוצרים הזמינים החנות.",module,Magento_CatalogInventory
Rule,כלל,module,Magento_CatalogRule
"Web Site",אתר,module,Magento_CatalogRule
"Product Listing Sort by","מיון מוצרים לפי",module,Magento_Catalog
"Watermark Default Size","גודל ברירת המחדל של סימן המים",module,Magento_Catalog
"Watermark Opacity, Percent","שקיפות סימן המים, אחוזים",module,Magento_Catalog
Watermark,"סימן מים",module,Magento_Catalog
"Watermark Position","מיקום סימן המים",module,Magento_Catalog
Details,פרטים,module,Magento_Catalog
"Require Customer To Be Logged In To Checkout","הלקוח נדרש להיכנס למערכת בכדי לעבור לקופה",module,Magento_Checkout
"After Adding a Product Redirect to Shopping Cart","לאחר הוספת מוצר הפנה לעגלת קניות",module,Magento_Checkout
"Display Cart Summary","הצג סיכום עגלה",module,Magento_Checkout
"Shipping Address","כתובת למשלוח",module,Magento_Checkout
"Cart Subtotal","סה""כ",module,Magento_Checkout
Contacts,"אנשי קשר",module,Magento_Contact
"Contact Us","צור קשר",module,Magento_Contact
"Email Options","אפשרויות דואר אלקטרוני",module,Magento_Contact
"Send Emails To","שלח מייל אל",module,Magento_Contact
"Email Template","תבניות דואר אלקטרוני",module,Magento_Contact
"Cron (Scheduled Tasks) - all the times are in minutes","Cron (משימות מתוזמנות) - כל הזמנים משוערכים בתור דקות",module,Magento_Cron
"For correct URLs generated during cron runs please make sure that Web > Secure and Unsecure Base URLs are explicitly set.","עבור כתובות הURL הנכונים שנוצרו במהלך הcron פועל אנא ודא זאת באמצעות אינטרנט > אבטחה, הURL הבסיס המאובטח והלא מאובטח מוגדרות במפורש.",module,Magento_Cron
"Recovery Link Expiration Period (days)","תוקף תפוגת הקישור(בימים)",module,Magento_Customer
Phone,טלפון,module,Magento_Customer
"First Name","שם פרטי",module,Magento_Customer
"Last Name","שם משפחה",module,Magento_Customer
Type,סוג,module,Magento_Customer
"Edit Account Information","ערוך את פרטי החשבון",module,Magento_Customer
"My Dashboard","החשבון שלי",module,Magento_Customer
"Front-end development workflow","תרשים עבודה של פיתוח צד-לקוח",module,Magento_Developer
"Sort Order","סדר מיון",module,Magento_Dhl
Enabled,פעיל,module,Magento_Directory
"Entity types declaration cache.","הגדרת סוגי יישות עבור מטמון.",module,Magento_Eav
Action,פעולה,module,Magento_Email
"Sort Order","סדר מיון",module,Magento_Fedex
Enable,אפשר,module,Magento_GoogleAdwords
Enable,אפשר,module,Magento_GoogleAnalytics
"Account Number","מספר חשבון",module,Magento_GoogleAnalytics
Status,סטטוס,module,Magento_Indexer
"Integration configuration file.","קובץ הקונפיגורציה של אינטגרציה.",module,Magento_Integration
"No Integrations Found","אין איטגרציות נמצאו",module,Magento_Integration
Status,סטטוס,module,Magento_Integration
Status,סטטוס,module,Magento_Newsletter
Delete,מחק,module,Magento_Newsletter
Email,דואר,module,Magento_Newsletter
Type,סוג,module,Magento_Newsletter
Guest,אורח,module,Magento_Newsletter
Customer,לקוח,module,Magento_Newsletter
"Web Site",אתר,module,Magento_Newsletter
"Store View","תצוגת חנות",module,Magento_Newsletter
Enabled,פעיל,module,Magento_OfflinePayments
"Sort Order","סדר מיון",module,Magento_OfflinePayments
Enabled,פעיל,module,Magento_OfflineShipping
Price,מחיר,module,Magento_OfflineShipping
"Sort Order","סדר מיון",module,Magento_OfflineShipping
Type,סוג,module,Magento_OfflineShipping
Export,ייצוא,module,Magento_OfflineShipping
"Full page caching.","מטמון של Full page.",module,Magento_PageCache
"Sandbox Credentials","אישור סביבת הדמה",module,Magento_Paypal
"Home Page","דף הבית",module,Magento_Paypal
Position,מיקום,module,Magento_Paypal
"It is recommended to set this value to ""Magento_Paypal"" per store views.","מומלץ לקבוע ערך זה ל- ""Magento_Paypal"" לכל תצוגות החנויות.",module,Magento_Paypal
"Sort Order","סדר מיון",module,Magento_Paypal
Enabled,פעיל,module,Magento_Paypal
Login,כניסה,module,Magento_Paypal
Frequency,תדירות,module,Magento_ProductAlert
"Start Time","שעת התחלה",module,Magento_ProductAlert
"Sign up for price alert","הירשם לקבלת התראת מחיר",module,Magento_ProductAlert
"Sign up to be notified when this product is back in stock.","הירשם כדי לקבל תזכורת כאשר מוצר זה יהיה במלאי.",module,Magento_ProductAlert
Dashboard,"לוח בקרה",module,Magento_Reports
Average,ממוצע,module,Magento_Reports
Guest,אורח,module,Magento_Reports
Action,פעולה,module,Magento_Reports
Active,פעיל,module,Magento_Review
Inactive,"לא פעיל",module,Magento_Review
"Web Site",אתר,module,Magento_SalesRule
General,כללי,module,Magento_Sales
Address,כתובת,module,Magento_Sales
Enable,אפשר,module,Magento_Sales
Dashboard,"לוח בקרה",module,Magento_Sales
Enabled,פעיל,module,Magento_Sales
Shipment,משלוח,module,Magento_Sales
Name,שם,module,Magento_Sales
Phone,טלפון,module,Magento_Sales
"Print All","הדפס הכול",module,Magento_Sales
"Purchase Date","תאריך רכישה",module,Magento_Sales
Enabled,פעיל,module,Magento_SendFriend
City,עיר,module,Magento_Shipping
"Shipping Methods","שיטות המשלוח",module,Magento_Shipping
Enabled,פעיל,module,Magento_Sitemap
Action,פעולה,module,Magento_Sitemap
"Translation Strategy","תרגום אסטרטגיה",module,Magento_Translation
Translations,תרגומים,module,Magento_Translation
"Log JS Errors to Session Storage","קובץ לוג שגיאות JS לאחסון הפעלה",module,Magento_Ui
"Log JS Errors to Session Storage Key","קובץ לוג שגיאות JS כדי מפתח הפעלה אחסון",module,Magento_Ui
"Sort Order","סדר מיון",module,Magento_Ups
"Live account","חשבון פעיל",module,Magento_Ups
Action,פעולה,module,Magento_UrlRewrite
Edit,ערוך,module,Magento_UrlRewrite
"Reset Password Template","תבנית לאיפוס סיסמא",module,Magento_User
"Last login","כניסה אחרונה",module,Magento_User
"Sort Order","סדר מיון",module,Magento_Usps
"Fixed Product Taxes","מיסים של מוצר קבוע",module,Magento_Weee
"Enable FPT","אפשר FPT",module,Magento_Weee
"Display Prices In Product Lists","הצגת מחירים ברשימות המוצר",module,Magento_Weee
"Display Prices On Product View Page","הצגת מחירים בעמוד תצוגת המוצר",module,Magento_Weee
"Display Prices In Sales Modules","הצגת מחירים במודולים מכירות",module,Magento_Weee
"Display Prices In Emails","הצגת מחירים באיימלים",module,Magento_Weee
"Apply Tax To FPT","החל מס על FPT",module,Magento_Weee
"Include FPT In Subtotal","כלול FPT בסך ביניים",module,Magento_Weee
"Widget ID","מספר מזהה של ווידגט",module,Magento_Widget
"Share Options","אפשרויות שיתוף",module,Magento_Wishlist
"Email Sender","שולח דוא""ל",module,Magento_Wishlist
"Email Template","תבנית דואר אלקטרוני",module,Magento_Wishlist
"Max Emails Allowed to be Sent","מקסימום מיילים מותרים לשילוח",module,Magento_Wishlist
"Email Text Length Limit","מגבלת אורך הטקסט לדוא""ל",module,Magento_Wishlist
"General Options","אפשרויות כלליות",module,Magento_Wishlist
Enabled,פעיל,module,Magento_Wishlist
"My Wish List Link","קישור ל Wish List שלי",module,Magento_Wishlist
"Display Wish List Summary","תצוגת סיכום ל-Wishlist",module,Magento_Wishlist
"No Items Found","אין פריטים שנמצאו",module,Magento_Wishlist
"Product Name","שם מוצר",module,Magento_Wishlist
"User Description","תיאור משתמש",module,Magento_Wishlist
Quantity,כמות,module,Magento_Wishlist
"Add Locale","הוסף אזור",module,Magento_Wishlist
"Add Date","הוספת תאריך",module,Magento_Wishlist
"Days in Wish List","ימים ב-Wishlist",module,Magento_Wishlist
Action,פעולה,module,Magento_Wishlist
Configure,הגדר,module,Magento_Wishlist
Delete,מחק,module,Magento_Wishlist
"Product Details and Comment","פרטי המוצר והערה",module,Magento_Wishlist
Summary,סיכום,theme,frontend/Magento/blank
